person_id,state_abbr,state_name,region,puma,sex,age,race_ethnicity,hispanic_origin,education,occupation,industry,marital_status,household_relationship,presence_of_children,family_size,gave_birth_past_year,person_weight,anes_respondent_id,tipi_extraversion_anes,tipi_agreeableness_anes,tipi_conscientiousness_anes,tipi_emotional_stability_anes,tipi_openness_anes,moral_traditionalism_anes,egalitarianism_anes,opinion_strength_anes,party_id_7pt_anes,ideology_7pt_anes,religion_group_anes,religion_importance_anes,religion_attendance_anes,anes_match_distance,gss_respondent_id,social_trust_gss,usual_hours_worked_gss,general_happiness_gss,gss_match_distance,atus_respondent_id,wake_time_atus,atus_match_distance
2024HU1019293_1,MI,Michigan,Midwest,02300,Female,64,White alone,Not Spanish/Hispanic/Latino,Bachelor's degree,N/A (less than 16 years old/NILF who last worked more than 5 years ago or never worked),N/A (less than 16 years old/NILF who last worked more than 5 years ago or never worked),Widowed,Reference person,Females with no own children,1,N/A (less than 15 years/greater than 50 years/ male),49,995,3,6,2.5,4.5,3.5,2.25,2.75,2.3333333333333335,7,4,Not religious,Important,Never,0.05701754385964908,gss_2016_2694,Depends,40,Pretty happy,0.019736842105263164,20230302231597,07:00:00,0.002109704641350185
2024HU0024348_2,WI,Wisconsin,Midwest,01900,Male,46,White alone,Not Spanish/Hispanic/Latino,Regular high school diploma,CON-Carpenters,CON-Construction (The Cleaning Of Buildings And Dwellings Is Incidental During Construction And Immediately After Construction),Married,Opposite-sex husband/wife/spouse,N/A (male/female under 16 years old/GQ),2,N/A (less than 15 years/greater than 50 years/ male),44,3058,6,5,7,7,6,2.75,4.25,1.6666666666666667,7,6,Evangelical Protestant,Important,Almost every week,0.010964912280701733,gss_2018_2197,Can't be too careful,55,Very happy,0.004385964912280715,20240706241071,07:00:00,0.002109704641350185
2024HU0274798_2,GA,Georgia,South,02700,Male,53,White alone,Not Spanish/Hispanic/Latino,Bachelor's degree,"SAL-Sales Representatives Of Services, Except Advertising, Insurance, Financial Services, And Travel",PRF-Employment Services,Divorced,Opposite-sex unmarried partner,N/A (male/female under 16 years old/GQ),1,N/A (less than 15 years/greater than 50 years/ male),209,1118,5,7,7,6.5,4,2.5,3,3.3333333333333335,7,5,Not religious,Not important,Never,0.002192982456140413,gss_2016_2572,Can't be too careful,72,Not too happy,0.006578947368421129,20240505241449,06:00:00,0
2024HU0870136_1,MA,Massachusetts,Northeast,00606,Female,47,White alone,Not Spanish/Hispanic/Latino,Bachelor's degree,MGR-Other Managers,PRF-Computer Systems Design And Related Services,Married,Reference person,Females with own children 6 to 17 years only,3,No,62,321,6.5,5,7,5.5,6,4,2.25,4,3,4,Jewish,Important,A few times a year,0.006578947368421129,gss_2022_612,Can't be too careful,4,Pretty happy,0.002192982456140413,20240807241718,08:00:00,0.002109704641350185
2024HU0838724_2,TN,Tennessee,South,02101,Male,70,Two or more races,Not Spanish/Hispanic/Latino,Regular high school diploma,N/A (less than 16 years old/NILF who last worked more than 5 years ago or never worked),N/A (less than 16 years old/NILF who last worked more than 5 years ago or never worked),Married,Opposite-sex husband/wife/spouse,N/A (male/female under 16 years old/GQ),2,N/A (less than 15 years/greater than 50 years/ male),93,3597,5,4.5,5,3.5,4,1.75,3.75,3.3333333333333335,6,7,Evangelical Protestant,Important,Never,0.16666666666666663,gss_2018_948,Can trust people,40,Pretty happy,0.03289473684210531,20240605241666,07:15:00,0.16666666666666663
2024HU0017836_1,NC,North Carolina,South,01301,Male,50,Asian alone,Not Spanish/Hispanic/Latino,Doctorate degree,BUS-Management Analysts,"PRF-Other Professional, Scientific, And Technical, Except Veterinary, Services",Never married or under 15 years old,Reference person,N/A (male/female under 16 years old/GQ),1,N/A (less than 15 years/greater than 50 years/ male),119,967,4,4.5,4.5,4,4.5,4,1,3.3333333333333335,2,2,Other religion,Not important,Never,0.16885964912280704,gss_2024_456,Can't be too careful,40,Pretty happy,0.05482456140350889,20240605240782,07:00:00,0.008438818565400852
2024HU1382157_2,CT,Connecticut,Northeast,20802,Male,51,White alone,Not Spanish/Hispanic/Latino,Bachelor's degree,"BUS-Claims Adjusters, Appraisers, Examiners, And Investigators","FIN-Agencies, Brokerages, And Other Insurance Related Activities",Married,Opposite-sex husband/wife/spouse,N/A (male/female under 16 years old/GQ),3,N/A (less than 15 years/greater than 50 years/ male),77,742,6,6.5,6.5,6,5.5,4,2,3.3333333333333335,1,2,Roman Catholic,Not important,A few times a year,0,gss_2016_1571,Can trust people,50,Pretty happy,0.004385964912280715,20231008231223,08:00:00,0.002109704641350185
2024HU0695760_1,FL,Florida,South,12701,Male,82,White alone,Not Spanish/Hispanic/Latino,Regular high school diploma,N/A (less than 16 years old/NILF who last worked more than 5 years ago or never worked),N/A (less than 16 years old/NILF who last worked more than 5 years ago or never worked),Married,Reference person,N/A (male/female under 16 years old/GQ),2,N/A (less than 15 years/greater than 50 years/ male),329,4533,2.5,5.5,4.5,5,2.5,2,3,2,7,6,Roman Catholic,Not important,Never,0.004385964912280715,gss_2022_2144,Can't be too careful,0,Pretty happy,0.028508771929824483,20240403241655,08:00:00,0.0042194092827004814
2024HU0552579_3,HI,Hawaii,West,00100,Female,52,White alone,Not Spanish/Hispanic/Latino,Regular high school diploma,"OFF-Bookkeeping, Accounting, And Auditing Clerks","PRF-Accounting, Tax Preparation, Bookkeeping, And Payroll Services",Divorced,Stepson or stepdaughter,Females with no own children,3,N/A (less than 15 years/greater than 50 years/ male),90,2504,3,7,7,5.5,6,3.5,1.75,1,1,3,Undifferentiated Christian,Important,A few times a year,0.16666666666666663,gss_2016_2534,Can trust people,40,Very happy,0.010964912280701733,20231110230867,06:30:00,0.021097046413502074
2024HU1132317_1,IL,Illinois,Midwest,19702,Male,57,White alone,Not Spanish/Hispanic/Latino,Bachelor's degree,MGR-Other Managers,CON-Construction (The Cleaning Of Buildings And Dwellings Is Incidental During Construction And Immediately After Construction),Married,Reference person,N/A (male/female under 16 years old/GQ),2,N/A (less than 15 years/greater than 50 years/ male),82,3646,2,5.5,6.5,5,5,2.75,2.75,1.6666666666666667,6,4,Mainline Protestant,Important,Every week,0.002192982456140413,gss_2016_1074,Can trust people,55,Pretty happy,0.002192982456140413,20241211240739,07:00:00,0
2024HU1279190_1,TX,Texas,South,04904,Female,70,White alone,Not Spanish/Hispanic/Latino,"Some college, but less than 1 year",N/A (less than 16 years old/NILF who last worked more than 5 years ago or never worked),N/A (less than 16 years old/NILF who last worked more than 5 years ago or never worked),Widowed,Reference person,Females with no own children,1,N/A (less than 15 years/greater than 50 years/ male),136,134,4.5,7,4.5,6.5,4,2.25,3.25,3.3333333333333335,7,4,Roman Catholic,Important,Once or twice a month,0.00877192982456132,gss_2016_1973,Can trust people,33,Pretty happy,0.16666666666666663,20230504231440,05:00:00,0
2024HU0958925_1,AL,Alabama,South,00800,Male,89,White alone,Not Spanish/Hispanic/Latino,Bachelor's degree,N/A (less than 16 years old/NILF who last worked more than 5 years ago or never worked),N/A (less than 16 years old/NILF who last worked more than 5 years ago or never worked),Widowed,Reference person,N/A (male/female under 16 years old/GQ),2,N/A (less than 15 years/greater than 50 years/ male),79,177,5.5,6.5,6,6,5,1,4.5,3,7,6,Roman Catholic,Important,Every week,0.03289473684210531,gss_2022_2152,Can't be too careful,30,Not too happy,0.18421052631578938,20231111230049,04:15:00,0.008438818565400852
2024HU1215879_1,SC,South Carolina,South,01402,Male,75,White alone,Not Spanish/Hispanic/Latino,Master's degree,N/A (less than 16 years old/NILF who last worked more than 5 years ago or never worked),N/A (less than 16 years old/NILF who last worked more than 5 years ago or never worked),Married,Reference person,N/A (male/female under 16 years old/GQ),2,N/A (less than 15 years/greater than 50 years/ male),45,4815,3,4.5,5,4,4.5,3,3.5,1.3333333333333333,6,6,Evangelical Protestant,Important,Once or twice a month,0.006578947368421129,gss_2018_1675,Can trust people,16,Very happy,0.002192982456140413,20240909240886,07:30:00,0
2024HU1437840_1,CT,Connecticut,Northeast,20902,Female,28,White alone,Not Spanish/Hispanic/Latino,Master's degree,CMM-Other Mathematical Science Occupations,"PRF-Other Professional, Scientific, And Technical, Except Veterinary, Services",Never married or under 15 years old,Reference person,Females with no own children,1,No,227,3310,6,6,5.5,3,7,4.25,1.25,2,2,3,Not religious,Not important,Never,0.030701754385964897,gss_2016_654,Can't be too careful,40,Pretty happy,0.004385964912280715,20230302232365,12:00:00,0
2024HU1295491_2,CA,California,West,03767,Male,36,Hispanic or Latino (any race),Mexican,GED or alternative credential,TRN-Cleaners Of Vehicles And Equipment,SRV-Car Washes,Never married or under 15 years old,Opposite-sex unmarried partner,N/A (male/female under 16 years old/GQ),3,N/A (less than 15 years/greater than 50 years/ male),135,3209,4,4,4,4,4,3,2.75,2.6666666666666665,2,4,Roman Catholic,Important,A few times a year,0.037280701754386025,gss_2016_241,Can't be too careful,50,Pretty happy,0.002192982456140413,20240504240760,08:00:00,0.002109704641350185
2024HU0618975_1,WI,Wisconsin,Midwest,00200,Female,80,White alone,Not Spanish/Hispanic/Latino,Regular high school diploma,N/A (less than 16 years old/NILF who last worked more than 5 years ago or never worked),N/A (less than 16 years old/NILF who last worked more than 5 years ago or never worked),Divorced,Reference person,Females with no own children,1,N/A (less than 15 years/greater than 50 years/ male),43,2504,3,7,7,5.5,6,3.5,1.75,1,1,3,Undifferentiated Christian,Important,A few times a year,0.06140350877192979,gss_2022_2714,Can trust people,58,Pretty happy,0.010964912280701733,20230908231484,07:00:00,0
2024GQ0160293_1,NC,North Carolina,South,00700,Male,18,White alone,Not Spanish/Hispanic/Latino,"Some college, but less than 1 year",N/A (less than 16 years old/NILF who last worked more than 5 years ago or never worked),N/A (less than 16 years old/NILF who last worked more than 5 years ago or never worked),Never married or under 15 years old,Noninstitutionalized group quarters population,N/A (male/female under 16 years old/GQ),1,N/A (less than 15 years/greater than 50 years/ male),28,2714,2,2.5,6.5,6.5,4,3,2,3.3333333333333335,4,4,Not religious,Not important,Never,0.002192982456140413,gss_2018_667,Can trust people,89,Pretty happy,0.03508771929824561,20231110230219,07:30:00,0.002109704641350185
2024HU0982906_1,WA,Washington,West,22500,Male,44,Hispanic or Latino (any race),Mexican,"1 or more years of college credit, no degree",RPR-Industrial And Refractory Machinery Mechanics,TRN-Warehousing And Storage,Never married or under 15 years old,Reference person,N/A (male/female under 16 years old/GQ),1,N/A (less than 15 years/greater than 50 years/ male),350,3451,3.5,4.5,4.5,4.5,3,3,3,3.6666666666666665,1,4,Not religious,Not important,Never,0.013157894736842146,gss_2024_302,Can't be too careful,40,Not too happy,0.021929824561403577,20240805241708,06:00:00,0.008438818565400852
2024HU0214350_1,AZ,Arizona,West,00134,Female,46,White alone,Not Spanish/Hispanic/Latino,Master's degree,MGR-Medical And Health Services Managers,MED-Outpatient Care Centers,Married,Reference person,Females with own children 6 to 17 years only,5,No,131,3828,3.5,6,5.5,6,6.5,1.5,3.25,2.6666666666666665,7,6,Not religious,Not important,Never,0.00877192982456132,gss_2022_3124,Can trust people,60,Pretty happy,0,20230504232349,07:00:00,0
2024HU0392867_2,NJ,New Jersey,Northeast,01503,Female,37,Asian alone,Not Spanish/Hispanic/Latino,Bachelor's degree,SCI-Biological Scientists,"MED-General Medical And Surgical Hospitals, And Specialty (Except Psychiatric And Substance Abuse) Hospitals",Married,Opposite-sex husband/wife/spouse,Females with own children 6 to 17 years only,6,No,109,678,5,4,4,3,4,2.75,2.5,5,1,5,Other religion,Important,Every week,0.030701754385964897,gss_2016_43,Can't be too careful,6,Pretty happy,0.06798245614035092,20230403230697,06:00:00,0.002109704641350185
2024HU1363866_1,VA,Virginia,South,10701,Female,53,Asian alone,Not Spanish/Hispanic/Latino,Bachelor's degree,MED-Registered Nurses,"MED-General Medical And Surgical Hospitals, And Specialty (Except Psychiatric And Substance Abuse) Hospitals",Married,Reference person,Females with own children 6 to 17 years only,4,N/A (less than 15 years/greater than 50 years/ male),51,3847,3,5,6,4,4,2.75,2.75,2.6666666666666665,2,3,Other religion,Not important,Never,0.17105263157894735,gss_2024_2101,Can't be too careful,40,Not too happy,0.002192982456140413,20240504242318,06:30:00,0.010548523206751148
2024HU1358383_1,MA,Massachusetts,Northeast,01002,Female,61,White alone,Not Spanish/Hispanic/Latino,Regular high school diploma,EAT-First-Line Supervisors Of Food Preparation And Serving Workers,"MED-Residential Care Facilities, Except Skilled Nursing Facilities",Divorced,Reference person,Females with no own children,2,N/A (less than 15 years/greater than 50 years/ male),325,3627,2.5,5,5.5,6.5,3.5,2.75,2.75,2,5,5,Not religious,Not important,Never,0.16666666666666663,gss_2018_41,Can trust people,30,Pretty happy,0.00877192982456132,20230112220896,07:30:00,0.0042194092827004814
2024HU1254879_2,MI,Michigan,Midwest,02200,Female,67,White alone,Not Spanish/Hispanic/Latino,Bachelor's degree,EDU-Elementary And Middle School Teachers,EDU-Elementary And Secondary Schools,Married,Opposite-sex husband/wife/spouse,Females with no own children,2,N/A (less than 15 years/greater than 50 years/ male),21,4780,2.5,6,6,5.5,2.5,3,2.5,2.6666666666666665,4,4,Mainline Protestant,Important,Almost every week,0.006578947368421129,gss_2018_1799,Can trust people,40,Very happy,0.00877192982456132,20230404231450,09:00:00,0
2024GQ0174062_1,AZ,Arizona,West,00805,Male,36,Hispanic or Latino (any race),Mexican,Grade 8,CON-Construction Laborers,CON-Construction (The Cleaning Of Buildings And Dwellings Is Incidental During Construction And Immediately After Construction),Never married or under 15 years old,Institutionalized group quarters population,N/A (male/female under 16 years old/GQ),1,N/A (less than 15 years/greater than 50 years/ male),41,1005,5,6,6,7,6,3.25,2.75,2.3333333333333335,4,5,Not religious,Important,Never,0.002192982456140413,gss_2016_540,Can't be too careful,40,Pretty happy,0.01754385964912275,20240909241860,07:00:00,0
2024HU0807438_1,VA,Virginia,South,06900,Female,59,White alone,Not Spanish/Hispanic/Latino,Doctorate degree,"BUS-Business Operations Specialists, All Other",MED-Other Health Care Services,Never married or under 15 years old,Reference person,Females with no own children,1,N/A (less than 15 years/greater than 50 years/ male),402,4510,6.5,3.5,6.5,5,6,1.5,3.5,4.333333333333333,7,6,Undifferentiated Christian,Important,Every week,0.03508771929824561,gss_2016_1253,Can't be too careful,12,Pretty happy,0.037280701754386025,20240605241466,05:20:00,0.002109704641350185
2024HU0932187_1,CA,California,West,03745,Male,32,Hispanic or Latino (any race),Mexican,"1 or more years of college credit, no degree",CLN-Landscaping And Groundskeeping Workers,PRF-Landscaping Services,Married,Reference person,N/A (male/female under 16 years old/GQ),6,N/A (less than 15 years/greater than 50 years/ male),120,455,4.5,5,6.5,6,6,3.75,3.25,2,7,6,Roman Catholic,Important,Never,0.06798245614035092,gss_2024_2868,Can't be too careful,50,Pretty happy,0.00877192982456132,20240705240537,11:00:00,0.006329113924050667
2024HU1459377_1,LA,Louisiana,South,00600,Female,52,White alone,Not Spanish/Hispanic/Latino,Regular high school diploma,N/A (less than 16 years old/NILF who last worked more than 5 years ago or never worked),N/A (less than 16 years old/NILF who last worked more than 5 years ago or never worked),Married,Reference person,Females with no own children,2,N/A (less than 15 years/greater than 50 years/ male),160,4513,5.5,6.5,7,6.5,6.5,5,1,1,1,2,Evangelical Protestant,Important,Almost every week,0.015350877192982448,gss_2018_2122,Can't be too careful,40,Pretty happy,0,20240403240510,05:00:00,0
2024HU0027257_2,AL,Alabama,South,02802,Female,20,White alone,Not Spanish/Hispanic/Latino,Regular high school diploma,OFF-Receptionists And Information Clerks,MED-Offices Of Optometrists,Never married or under 15 years old,Biological son or daughter,Females with no own children,3,No,51,3933,3.5,4,5,4,4.5,3.75,1.75,3,3,2,Not religious,Not important,Never,0.16666666666666663,gss_2018_1615,Can trust people,36,Very happy,0,20240111230203,09:00:00,0.002109704641350185
2024HU0574128_4,GA,Georgia,South,01404,Male,24,Asian alone,Not Spanish/Hispanic/Latino,Bachelor's degree,N/A (less than 16 years old/NILF who last worked more than 5 years ago or never worked),N/A (less than 16 years old/NILF who last worked more than 5 years ago or never worked),Never married or under 15 years old,Roommate or housemate,N/A (male/female under 16 years old/GQ),1,N/A (less than 15 years/greater than 50 years/ male),140,4401,4.5,5.5,5.5,4.5,4,3,3,3,2,2,Mainline Protestant,Not important,A few times a year,0.16885964912280704,gss_2016_2010,Can trust people,48,Pretty happy,0.010964912280701733,20230212221551,09:00:00,0.0042194092827004814
2024HU0627702_2,NC,North Carolina,South,03105,Female,43,White alone,Not Spanish/Hispanic/Latino,Bachelor's degree,MGR-Medical And Health Services Managers,MED-Other Health Care Services,Married,Opposite-sex husband/wife/spouse,Females with no own children,2,No,61,172,4,5.5,5,3.5,5.5,2.5,2.5,3.3333333333333335,7,5,Evangelical Protestant,Important,Almost every week,0.004385964912280715,gss_2016_2243,Can trust people,50,Very happy,0.004385964912280715,20240101241253,05:45:00,0
2024HU0401108_2,CA,California,West,06714,Female,37,White alone,Not Spanish/Hispanic/Latino,Master's degree,MGR-Other Managers,INF-Software Publishers,Separated,Opposite-sex unmarried partner,Females with no own children,1,No,76,377,7,6.5,6.5,6.5,7,4.75,1,4.666666666666667,3,1,Not religious,Not important,Never,0.16666666666666663,gss_2018_150,Can trust people,40,Very happy,0.04824561403508776,20230201231511,05:00:00,0.05696202531645567
2024HU0180250_2,MO,Missouri,Midwest,02600,Male,33,White alone,Not Spanish/Hispanic/Latino,Regular high school diploma,CON-Construction Laborers,CON-Construction (The Cleaning Of Buildings And Dwellings Is Incidental During Construction And Immediately After Construction),Married,Opposite-sex husband/wife/spouse,N/A (male/female under 16 years old/GQ),5,N/A (less than 15 years/greater than 50 years/ male),65,3058,6,5,7,7,6,2.75,4.25,1.6666666666666667,7,6,Evangelical Protestant,Important,Almost every week,0.01754385964912275,gss_2016_2231,Can't be too careful,45,Pretty happy,0,20241110241211,07:30:00,0
2024HU0664149_3,WA,Washington,West,20503,Female,23,Hispanic or Latino (any race),Panamanian,Bachelor's degree,EDU-Secondary School Teachers,EDU-Elementary And Secondary Schools,Never married or under 15 years old,Biological son or daughter,Females with no own children,4,No,161,4885,4,4.5,5,4.5,5.5,4,1.5,2.6666666666666665,4,4,Undifferentiated Christian,Important,Once or twice a month,0.16885964912280704,gss_2022_228,Can't be too careful,40,Pretty happy,0,20230504230137,08:00:00,0
2024HU0780563_3,NY,New York,Northeast,04401,Male,23,Hispanic or Latino (any race),Mexican,"1 or more years of college credit, no degree",N/A (less than 16 years old/NILF who last worked more than 5 years ago or never worked),N/A (less than 16 years old/NILF who last worked more than 5 years ago or never worked),Never married or under 15 years old,Brother or sister,N/A (male/female under 16 years old/GQ),5,N/A (less than 15 years/greater than 50 years/ male),85,916,3,5,4.5,5,6.5,4.25,2.75,2,2,2,Roman Catholic,Important,A few times a year,0.16666666666666663,gss_2022_959,Can't be too careful,43,Not too happy,0.16666666666666663,20240706240830,07:30:00,0.025316455696202556
2024HU0564496_3,AZ,Arizona,West,01901,Female,18,White alone,Not Spanish/Hispanic/Latino,"Some college, but less than 1 year",N/A (less than 16 years old/NILF who last worked more than 5 years ago or never worked),N/A (less than 16 years old/NILF who last worked more than 5 years ago or never worked),Never married or under 15 years old,Biological son or daughter,Females with no own children,4,No,920,215,4.5,4,5,5,4.5,2.5,3,4.333333333333333,5,4,Not religious,Not important,Never,0.006578947368421129,gss_2016_884,Can trust people,45,Pretty happy,0.019736842105263164,20230302232429,07:00:00,0.0042194092827004814
2024HU0608423_1,AZ,Arizona,West,00127,Male,62,White alone,Not Spanish/Hispanic/Latino,Regular high school diploma,SAL-First-Line Supervisors Of Retail Sales Workers,"RET-Warehouse Clubs, Supercenters, And Other General Merchandise Retailers",Never married or under 15 years old,Reference person,N/A (male/female under 16 years old/GQ),1,N/A (less than 15 years/greater than 50 years/ male),62,4347,3,5,5,3.5,4.5,3.25,3,2.6666666666666665,6,5,Roman Catholic,Not important,Never,0.021929824561403577,gss_2018_1919,Can't be too careful,40,Pretty happy,0.004385964912280715,20231110231102,07:30:00,0.0042194092827004814
2024HU0610615_1,IL,Illinois,Midwest,03168,Female,36,Black or African American alone,Not Spanish/Hispanic/Latino,Regular high school diploma,TRN-Driver/Sales Workers And Truck Drivers,TRN-Couriers And Messengers,Never married or under 15 years old,Reference person,Females with own children under 6 years and 6 to 17 years,4,No,793,4003,6,6,6.5,6,6.5,3.25,1,3.3333333333333335,1,4,Undifferentiated Christian,Not important,Never,0.17105263157894735,gss_2016_829,Can't be too careful,62,Not too happy,0.004385964912280715,20230909231227,08:00:00,0.002109704641350185
2024HU0338691_1,MO,Missouri,Midwest,01905,Male,28,Two or more races,Not Spanish/Hispanic/Latino,Professional degree beyond a bachelor's degree,"LGL-Lawyers, And Judges, Magistrates, And Other Judicial Workers",PRF-Legal Services,Never married or under 15 years old,Reference person,N/A (male/female under 16 years old/GQ),1,N/A (less than 15 years/greater than 50 years/ male),260,286,6.5,5,6,5,6.5,3,3,3.6666666666666665,7,6,Undifferentiated Christian,Important,A few times a year,0.16885964912280704,gss_2016_1291,Can't be too careful,20,Pretty happy,0.010964912280701733,20230807230665,08:00:00,0.025316455696202556
2024HU0793334_3,OH,Ohio,Midwest,00401,Female,20,White alone,Not Spanish/Hispanic/Latino,Bachelor's degree,EAT-Fast Food And Counter Workers,"ENT-Food Services And Drinking Places, Except Alcoholic Beverages",Never married or under 15 years old,Biological son or daughter,Females with no own children,3,No,50,3550,4,4,3.5,4.5,4.5,3,3,2,1,2,Roman Catholic,Not important,A few times a year,0.006578947368421129,gss_2022_419,Depends,35,Pretty happy,0.00877192982456132,20230604230118,10:30:00,0.002109704641350185
2024HU0766244_1,PA,Pennsylvania,Northeast,03115,Male,71,White alone,Not Spanish/Hispanic/Latino,Master's degree,N/A (less than 16 years old/NILF who last worked more than 5 years ago or never worked),N/A (less than 16 years old/NILF who last worked more than 5 years ago or never worked),Married,Reference person,N/A (male/female under 16 years old/GQ),2,N/A (less than 15 years/greater than 50 years/ male),99,29,4,5.5,6,5,6,4,1,4.666666666666667,3,2,Roman Catholic,Important,Never,0.004385964912280715,gss_2018_36,Can trust people,40,Very happy,0.013157894736842146,20240403241953,07:00:00,0
2024HU1154255_2,ND,North Dakota,Midwest,00500,Female,35,Hispanic or Latino (any race),Mexican,Grade 9,OFF-Customer Service Representatives,PRF-Computer Systems Design And Related Services,Married,Opposite-sex husband/wife/spouse,Females with own children under 6 years and 6 to 17 years,5,No,165,883,2,6,6,4.5,7,3,1,2.6666666666666665,2,2,Undifferentiated Christian,Not important,A few times a year,0.17105263157894735,gss_2018_2260,Can't be too careful,40,Very happy,0.16885964912280704,20240201240272,07:00:00,0.03164556962025322
2024HU0683669_2,TX,Texas,South,06301,Female,59,Hispanic or Latino (any race),Mexican,No schooling completed,EAT-Cooks,"ENT-Food Services And Drinking Places, Except Alcoholic Beverages",Married,Opposite-sex husband/wife/spouse,Females with no own children,5,N/A (less than 15 years/greater than 50 years/ male),143,3099,4,4.5,5.5,3,5,4,2.25,3,1,3,Not religious,Important,Never,0.16666666666666663,gss_2018_679,Can't be too careful,40,Not too happy,0.16666666666666663,20240605240553,07:00:00,0.006329113924050667
2024HU0709621_1,IL,Illinois,Midwest,03108,Male,76,White alone,Not Spanish/Hispanic/Latino,Bachelor's degree,N/A (less than 16 years old/NILF who last worked more than 5 years ago or never worked),N/A (less than 16 years old/NILF who last worked more than 5 years ago or never worked),Widowed,Reference person,N/A (male/female under 16 years old/GQ),1,N/A (less than 15 years/greater than 50 years/ male),518,2534,5,7,7,7,6,2.25,4,3,7,5,Roman Catholic,Important,Once or twice a month,0.002192982456140413,gss_2016_2726,Can trust people,10,Not too happy,0.16885964912280704,20240303241844,08:00:00,0.008438818565400852
2024HU0744635_2,TX,Texas,South,05000,Male,74,Hispanic or Latino (any race),All Other Spanish/Hispanic/Latino,"1 or more years of college credit, no degree",N/A (less than 16 years old/NILF who last worked more than 5 years ago or never worked),N/A (less than 16 years old/NILF who last worked more than 5 years ago or never worked),Divorced,Opposite-sex unmarried partner,N/A (male/female under 16 years old/GQ),1,N/A (less than 15 years/greater than 50 years/ male),31,303,6,4.5,5,5,6.5,3.5,2.75,2.3333333333333335,3,1,Roman Catholic,Important,Once or twice a month,0.17324561403508776,gss_2024_989,Can trust people,6,Very happy,0.1885964912280702,20230112222409,07:45:00,0.029535864978902926
2024HU0750605_2,SC,South Carolina,South,01600,Female,72,White alone,Not Spanish/Hispanic/Latino,Master's degree,N/A (less than 16 years old/NILF who last worked more than 5 years ago or never worked),N/A (less than 16 years old/NILF who last worked more than 5 years ago or never worked),Divorced,Father or mother,Females with no own children,2,N/A (less than 15 years/greater than 50 years/ male),145,3587,6,5.5,7,3.5,4,1.5,2.5,2.3333333333333335,6,5,Mainline Protestant,Not important,Once or twice a month,0.021929824561403577,gss_2022_843,Can trust people,40,Not too happy,0.02412280701754399,20230706230756,07:00:00,0
2024GQ0118602_1,KY,Kentucky,South,02200,Female,19,White alone,Not Spanish/Hispanic/Latino,"1 or more years of college credit, no degree",SAL-Cashiers,RET-Clothing And Clothing Accessories Retailers,Never married or under 15 years old,Noninstitutionalized group quarters population,N/A (male/female under 16 years old/GQ),1,No,38,3235,2,6.5,6.5,6,3,4.5,2,1.3333333333333333,1,3,Not religious,Not important,Never,0.004385964912280715,gss_2022_2576,Depends,20,Pretty happy,0.002192982456140413,20240301240089,09:00:00,0
2024GQ0029025_1,CA,California,West,06525,Male,85,White alone,Not Spanish/Hispanic/Latino,Regular high school diploma,N/A (less than 16 years old/NILF who last worked more than 5 years ago or never worked),N/A (less than 16 years old/NILF who last worked more than 5 years ago or never worked),Widowed,Institutionalized group quarters population,N/A (male/female under 16 years old/GQ),1,N/A (less than 15 years/greater than 50 years/ male),54,385,3,7,7,6.5,5,1,2.75,3,7,6,Evangelical Protestant,Important,Every week,0.006578947368421129,gss_2016_244,Can't be too careful,48,Very happy,0.0942982456140351,20230112221954,07:45:00,0
2024HU0229812_1,IL,Illinois,Midwest,17900,Male,46,White alone,Not Spanish/Hispanic/Latino,Bachelor's degree,PRT-Police Officers,"ADM-Justice, Public Order, And Safety Activities",Married,Reference person,N/A (male/female under 16 years old/GQ),6,N/A (less than 15 years/greater than 50 years/ male),93,4620,6.5,5,7,6.5,5,2.5,3.75,2.6666666666666665,5,5,Roman Catholic,Important,Never,0.004385964912280715,gss_2018_263,Can't be too careful,70,Very happy,0.002192982456140413,20241210242214,06:30:00,0
2024HU0653865_1,FL,Florida,South,07101,Male,80,White alone,Not Spanish/Hispanic/Latino,Doctorate degree,N/A (less than 16 years old/NILF who last worked more than 5 years ago or never worked),N/A (less than 16 years old/NILF who last worked more than 5 years ago or never worked),Never married or under 15 years old,Reference person,N/A (male/female under 16 years old/GQ),1,N/A (less than 15 years/greater than 50 years/ male),32,967,4,4.5,4.5,4,4.5,4,1,3.3333333333333335,2,2,Other religion,Not important,Never,0.06798245614035092,gss_2024_488,Can trust people,50,Pretty happy,0.08552631578947378,20240201241286,08:00:00,0.048523206751054815
2024HU0915932_2,MN,Minnesota,Midwest,01501,Female,28,White alone,Not Spanish/Hispanic/Latino,Associate's degree,EAT-Fast Food And Counter Workers,"ENT-Food Services And Drinking Places, Except Alcoholic Beverages",Never married or under 15 years old,Opposite-sex unmarried partner,Females with no own children,3,Yes,97,3561,6,5,5,4,4.5,2.25,2.75,3.3333333333333335,6,4,Roman Catholic,Important,Once or twice a month,0.006578947368421129,gss_2024_2619,Can't be too careful,40,Pretty happy,0.039473684210526216,20230807230848,07:00:00,0
2024HU1275596_1,MN,Minnesota,Midwest,01607,Female,54,White alone,Not Spanish/Hispanic/Latino,Bachelor's degree,EDU-Preschool And Kindergarten Teachers,SCA-Child Care Services,Married,Reference person,Females with no own children,2,N/A (less than 15 years/greater than 50 years/ male),185,2857,2.5,6,6,5.5,3,1.5,3.75,2,7,6,Mainline Protestant,Important,Every week,0.002192982456140413,gss_2024_355,Can't be too careful,25,Pretty happy,0.002192982456140413,20240404240655,06:00:00,0
2024HU1162514_2,WA,Washington,West,25303,Male,49,White alone,Not Spanish/Hispanic/Latino,Regular high school diploma,"RPR-Other Installation, Maintenance, And Repair Workers","WHL-Machinery, Equipment, And Supplies Merchant Wholesalers",Married,Opposite-sex husband/wife/spouse,N/A (male/female under 16 years old/GQ),2,N/A (less than 15 years/greater than 50 years/ male),179,2866,1.5,6,6.5,6.5,4,3.75,3.5,1,6,5,Not religious,Not important,Never,0.006578947368421129,gss_2018_212,Can't be too careful,54,Very happy,0.006578947368421129,20240504240873,08:00:00,0.002109704641350185
2024HU0298920_1,WV,West Virginia,South,00400,Female,53,White alone,Not Spanish/Hispanic/Latino,Master's degree,"CMS-Social Workers, All Other","EDU-Junior Colleges, Colleges, Universities, And Professional Schools",Divorced,Reference person,Females with own children 6 to 17 years only,2,N/A (less than 15 years/greater than 50 years/ male),157,4947,5,5,6.5,6,5,3.25,2,2.6666666666666665,4,4,Mainline Protestant,Not important,Never,0.002192982456140413,gss_2018_541,Can trust people,55,Not too happy,0.00877192982456132,20231009230751,07:00:00,0.002109704641350185
2024HU0537216_2,FL,Florida,South,03302,Male,79,Black or African American alone,Not Spanish/Hispanic/Latino,"Some college, but less than 1 year",N/A (less than 16 years old/NILF who last worked more than 5 years ago or never worked),N/A (less than 16 years old/NILF who last worked more than 5 years ago or never worked),Divorced,Roommate or housemate,N/A (male/female under 16 years old/GQ),1,N/A (less than 15 years/greater than 50 years/ male),69,493,3.5,6.5,6,5.5,5.5,1.75,1,3.3333333333333335,4,4,Not religious,Not important,Never,0.039473684210526216,gss_2016_1334,Can't be too careful,10,Not too happy,0.19078947368421062,20230201231599,08:00:00,0.014767932489451518
2024HU0739423_2,OH,Ohio,Midwest,00705,Female,19,White alone,Not Spanish/Hispanic/Latino,"Some college, but less than 1 year",EAT-Fast Food And Counter Workers,MFG-Retail Bakeries,Never married or under 15 years old,Opposite-sex unmarried partner,Females with no own children,1,No,512,1068,2.5,7,6.5,4,5.5,2.5,1.25,2.3333333333333335,2,3,Undifferentiated Christian,Important,Every week,0.002192982456140413,gss_2024_2619,Can't be too careful,40,Pretty happy,0.05921052631578938,20240212230197,09:00:00,0.002109704641350185
2024HU1257075_1,MI,Michigan,Midwest,02904,Male,62,White alone,Not Spanish/Hispanic/Latino,Master's degree,MGR-Chief Executives And Legislators,MED-Outpatient Care Centers,Married,Reference person,N/A (male/female under 16 years old/GQ),2,N/A (less than 15 years/greater than 50 years/ male),75,2811,2,6.5,7,6.5,5,1,3,2,7,7,Evangelical Protestant,Important,Every week,0.002192982456140413,gss_2022_379,Can't be too careful,40,Pretty happy,0.00877192982456132,20230212221814,06:00:00,0
2024HU0957580_1,SD,South Dakota,Midwest,00601,Female,56,White alone,Not Spanish/Hispanic/Latino,Master's degree,N/A (less than 16 years old/NILF who last worked more than 5 years ago or never worked),N/A (less than 16 years old/NILF who last worked more than 5 years ago or never worked),Married,Reference person,Females with no own children,3,N/A (less than 15 years/greater than 50 years/ male),87,1031,6,6,6,6,4,1.75,4.5,4,6,5,Mainline Protestant,Important,Every week,0.006578947368421129,gss_2016_2698,Can trust people,40,Pretty happy,0.004385964912280715,20240503241936,09:00:00,0.002109704641350185
2024HU0710471_2,NY,New York,Northeast,04412,Female,39,Hispanic or Latino (any race),Guatemalan,Grade 2,N/A (less than 16 years old/NILF who last worked more than 5 years ago or never worked),N/A (less than 16 years old/NILF who last worked more than 5 years ago or never worked),Married,Opposite-sex husband/wife/spouse,Females with own children 6 to 17 years only,6,No,292,4333,2,6,5.5,5,5.5,4.25,2,2,2,3,Roman Catholic,Not important,Never,0.16885964912280704,gss_2024_39,Can't be too careful,30,Pretty happy,0.17105263157894735,20230403231447,09:00:00,0.006329113924050667
2024HU1402950_2,WA,Washington,West,20501,Female,20,Hispanic or Latino (any race),Mexican,Regular high school diploma,SAL-Retail Salespersons,"RET-Warehouse Clubs, Supercenters, And Other General Merchandise Retailers",Never married or under 15 years old,Biological son or daughter,Females with no own children,3,No,223,3380,3,4.5,4,3,3.5,3,3.25,4.333333333333333,6,2,Not religious,Not important,Never,0.16666666666666663,gss_2018_136,Can trust people,40,Pretty happy,0.004385964912280715,20231111230167,07:00:00,0.002109704641350185
2024HU0099577_1,MO,Missouri,Midwest,00601,Female,54,White alone,Not Spanish/Hispanic/Latino,Regular high school diploma,N/A (less than 16 years old/NILF who last worked more than 5 years ago or never worked),N/A (less than 16 years old/NILF who last worked more than 5 years ago or never worked),Separated,Reference person,Females with no own children,1,N/A (less than 15 years/greater than 50 years/ male),120,2114,4,7,7,7,6.5,2,2.5,3,7,6,Roman Catholic,Important,Never,0.16885964912280704,gss_2022_3313,Can't be too careful,50,Not too happy,0.03508771929824561,20240908240994,15:00:00,0.03586497890295359
2024HU0036176_3,VA,Virginia,South,01500,Female,77,White alone,Not Spanish/Hispanic/Latino,Bachelor's degree,N/A (less than 16 years old/NILF who last worked more than 5 years ago or never worked),N/A (less than 16 years old/NILF who last worked more than 5 years ago or never worked),Widowed,Father or mother,Females with no own children,4,N/A (less than 15 years/greater than 50 years/ male),87,472,6,6.5,6.5,5,5.5,2.25,2.75,3.3333333333333335,7,6,Roman Catholic,Important,Every week,0.00877192982456132,gss_2018_519,Can trust people,50,Pretty happy,0.039473684210526216,20241111242347,06:15:00,0.002109704641350185
2024HU0164279_1,IA,Iowa,Midwest,00400,Female,67,White alone,Not Spanish/Hispanic/Latino,Associate's degree,MED-Registered Nurses,"MED-General Medical And Surgical Hospitals, And Specialty (Except Psychiatric And Substance Abuse) Hospitals",Married,Reference person,Females with no own children,2,N/A (less than 15 years/greater than 50 years/ male),25,3018,4,5,6.5,4.5,5,1.25,5,4,6,6,Undifferentiated Christian,Important,Almost every week,0,gss_2016_2627,Can't be too careful,15,Pretty happy,0.021929824561403577,20240907242283,06:00:00,0
2024HU0232461_2,VA,Virginia,South,18500,Male,40,White alone,Not Spanish/Hispanic/Latino,Regular high school diploma,N/A (less than 16 years old/NILF who last worked more than 5 years ago or never worked),N/A (less than 16 years old/NILF who last worked more than 5 years ago or never worked),Never married or under 15 years old,Biological son or daughter,N/A (male/female under 16 years old/GQ),4,N/A (less than 15 years/greater than 50 years/ male),73,5088,4,4,4,4,4,3,2.5,3,2,4,Evangelical Protestant,Important,Every week,0.028508771929824483,gss_2022_2121,Can't be too careful,40,Not too happy,0,20231008232343,08:00:00,0
2024HU0478006_2,TX,Texas,South,02507,Male,70,Black or African American alone,Not Spanish/Hispanic/Latino,"1 or more years of college credit, no degree",N/A (less than 16 years old/NILF who last worked more than 5 years ago or never worked),N/A (less than 16 years old/NILF who last worked more than 5 years ago or never worked),Married,Opposite-sex husband/wife/spouse,N/A (male/female under 16 years old/GQ),3,N/A (less than 15 years/greater than 50 years/ male),108,4855,6.5,7,7,7,7,3.75,1,1,1,2,Mainline Protestant,Important,Almost every week,0.03289473684210531,gss_2016_734,Can trust people,40,Pretty happy,0.08114035087719296,20240112230895,09:45:00,0.0042194092827004814
2024HU1130594_1,IL,Illinois,Midwest,09701,Female,52,White alone,Not Spanish/Hispanic/Latino,Bachelor's degree,ENT-Graphic Designers,PRF-Management Of Companies And Enterprises,Divorced,Reference person,Females with no own children,1,N/A (less than 15 years/greater than 50 years/ male),59,3867,3,7,6.5,1.5,6,4.25,1.25,2,1,4,Mainline Protestant,Important,Every week,0.002192982456140413,gss_2022_2621,Can't be too careful,40,Pretty happy,0,20241009241352,06:30:00,0.002109704641350185
2024HU1395724_4,NM,New Mexico,West,00100,Female,23,American Indian or Alaska Native alone,Not Spanish/Hispanic/Latino,Regular high school diploma,CLN-Maids And Housekeeping Cleaners,ENT-Traveler Accommodation,Never married or under 15 years old,Brother or sister,Females with no own children,7,No,275,470,4,4,4.5,4,5.5,2.75,3.25,1.6666666666666667,4,5,Other religion,Not important,A few times a year,0.17324561403508776,gss_2022_1900,Can't be too careful,40,Pretty happy,0.002192982456140413,20241110240189,09:00:00,0.16666666666666663
2024HU0434931_1,CO,Colorado,West,01301,Female,62,Some other race alone,Not Spanish/Hispanic/Latino,Associate's degree,EDU-Elementary And Middle School Teachers,EDU-Elementary And Secondary Schools,Married,Reference person,Females with no own children,4,N/A (less than 15 years/greater than 50 years/ male),217,4079,5.5,6,6.5,4.5,6,1.75,3.75,3,7,5,Other religion,Important,Every week,0.16885964912280704,gss_2022_3037,Can't be too careful,45,Pretty happy,0.004385964912280715,20231009231451,07:30:00,0.06751054852320681
2024HU0462433_1,CA,California,West,09704,Male,53,White alone,Not Spanish/Hispanic/Latino,"1 or more years of college credit, no degree",CLN-Janitors And Building Cleaners,EDU-Elementary And Secondary Schools,Divorced,Reference person,N/A (male/female under 16 years old/GQ),1,N/A (less than 15 years/greater than 50 years/ male),62,890,4,4.5,5.5,4,3,3.75,2,4,1,2,Not religious,Not important,Never,0.004385964912280715,gss_2016_2414,Can't be too careful,60,Not too happy,0.006578947368421129,20241109242359,07:00:00,0.006329113924050667
2024HU1340605_1,FL,Florida,South,09901,Male,46,White alone,Not Spanish/Hispanic/Latino,Regular high school diploma,MGR-Sales Managers,"MFG-Machinery, N.E.C. Or Not Specified",Divorced,Reference person,N/A (male/female under 16 years old/GQ),1,N/A (less than 15 years/greater than 50 years/ male),84,5075,4,3.5,7,4.5,4.5,2.5,1.75,1.6666666666666667,5,5,Roman Catholic,Not important,Never,0.01754385964912275,gss_2018_1661,Can trust people,35,Not too happy,0.004385964912280715,20240504240526,06:00:00,0.002109704641350185
2024HU1294073_2,NY,New York,Northeast,01600,Male,32,Hispanic or Latino (any race),Dominican,Grade 10,CON-Construction Laborers,CON-Construction (The Cleaning Of Buildings And Dwellings Is Incidental During Construction And Immediately After Construction),Married,Same-sex husband/wife/spouse,N/A (male/female under 16 years old/GQ),2,N/A (less than 15 years/greater than 50 years/ male),236,2081,4,4.5,6,5.5,4,1,2.5,3.3333333333333335,4,5,Undifferentiated Christian,Not important,Never,0.1798245614035089,gss_2016_66,Depends,40,Pretty happy,0.17105263157894735,20240908241397,06:20:00,0.006329113924050667
2024HU1277640_2,MI,Michigan,Midwest,02701,Female,65,White alone,Not Spanish/Hispanic/Latino,Bachelor's degree,OFF-Billing And Posting Clerks,MED-Offices Of Dentists,Married,Opposite-sex husband/wife/spouse,Females with no own children,3,N/A (less than 15 years/greater than 50 years/ male),497,2237,4.5,5.5,6,6,5.5,2.5,3,2.6666666666666665,7,6,Roman Catholic,Important,Every week,0,gss_2018_2190,Can trust people,30,Pretty happy,0.019736842105263164,20241009242139,07:00:00,0
2024HU1356198_1,IL,Illinois,Midwest,11500,Female,49,Black or African American alone,Not Spanish/Hispanic/Latino,"1 or more years of college credit, no degree",OFF-Customer Service Representatives,"RET-Health And Personal Care, Except Pharmacies And Drug, Retailers",Never married or under 15 years old,Reference person,Females with no own children,1,No,323,3588,3,6,6,6,5.5,2,1.75,2.3333333333333335,1,4,Mainline Protestant,Important,A few times a year,0.006578947368421129,gss_2024_2614,Can't be too careful,32,Pretty happy,0.04166666666666663,20241210241579,07:00:00,0.012658227848101333
2024HU0804480_1,MO,Missouri,Midwest,01105,Female,52,Black or African American alone,Not Spanish/Hispanic/Latino,Regular high school diploma,"Unemployed, With No Work Experience In The Last 5 Years Or Earlier Or Never Worked","Unemployed, With No Work Experience In The Last 5 Years Or Earlier Or Never Worked",Never married or under 15 years old,Reference person,Females with no own children,1,N/A (less than 15 years/greater than 50 years/ male),254,2870,4,5.5,3.5,4,5.5,3,3,1,2,6,Not religious,Not important,Never,0.05482456140350889,gss_2016_829,Can't be too careful,62,Not too happy,0.030701754385964897,20240302241416,04:50:00,0.0042194092827004814
2024HU1408228_2,CO,Colorado,West,00902,Female,19,White alone,Not Spanish/Hispanic/Latino,Regular high school diploma,EAT-Fast Food And Counter Workers,"ENT-Food Services And Drinking Places, Except Alcoholic Beverages",Never married or under 15 years old,Biological son or daughter,Females with no own children,2,No,129,3838,4,4.5,4.5,4.5,4.5,3,3.25,3,6,3,Other religion,Important,Almost every week,0.004385964912280715,gss_2022_1284,Can't be too careful,40,Pretty happy,0.004385964912280715,20240201240087,07:30:00,0.002109704641350185
2024HU0891886_1,MI,Michigan,Midwest,03207,Male,65,White alone,Not Spanish/Hispanic/Latino,Regular high school diploma,PRD-Miscellaneous Plant And System Operators,TRN-Pipeline Transportation,Married,Reference person,N/A (male/female under 16 years old/GQ),2,N/A (less than 15 years/greater than 50 years/ male),268,3845,4,6,6,4.5,5,1,2.75,3,7,6,Evangelical Protestant,Important,Every week,0.002192982456140413,gss_2018_1058,Can't be too careful,40,Pretty happy,0,20231111231175,05:00:00,0
2024HU0013439_2,TX,Texas,South,02101,Male,51,White alone,Not Spanish/Hispanic/Latino,"1 or more years of college credit, no degree","OFF-Dispatchers, Except Police, Fire, And Ambulance","ENT-Food Services And Drinking Places, Except Alcoholic Beverages",Divorced,Opposite-sex unmarried partner,N/A (male/female under 16 years old/GQ),2,N/A (less than 15 years/greater than 50 years/ male),79,559,4.5,5,5.5,4,5,1.75,3.25,4.333333333333333,7,5,Evangelical Protestant,Important,Every week,0.004385964912280715,gss_2018_1665,Can't be too careful,1,Pretty happy,0.030701754385964897,20230605232333,04:30:00,0.002109704641350185
2024HU1104571_2,TX,Texas,South,02101,Male,26,Black or African American alone,Not Spanish/Hispanic/Latino,Regular high school diploma,"PRD-Miscellaneous Production Workers, Including Equipment Operators And Tenders",RET-Supermarkets And Other Grocery (Except Convenience) Retailers,Separated,Other relative,N/A (male/female under 16 years old/GQ),2,N/A (less than 15 years/greater than 50 years/ male),779,3097,3,4,2,4,4.5,3.25,2.75,3.3333333333333335,7,4,Evangelical Protestant,Important,Once or twice a month,0.17324561403508776,gss_2024_3183,Can trust people,40,Pretty happy,0.030701754385964897,20240302241411,07:30:00,0.10548523206751048
2024HU0964539_1,NE,Nebraska,Midwest,00500,Female,27,White alone,Not Spanish/Hispanic/Latino,Master's degree,"CMS-Social Workers, All Other",EDU-Elementary And Secondary Schools,Married,Reference person,Females with own children under 6 years only,4,Yes,166,4502,4,4,4,4,4,4,2.75,3,7,7,Roman Catholic,Important,Almost every week,0.021929824561403577,gss_2016_2189,Can trust people,45,Pretty happy,0.00877192982456132,20230111221229,06:00:00,0.002109704641350185
2024HU1290540_2,PA,Pennsylvania,Northeast,01300,Female,41,White alone,Not Spanish/Hispanic/Latino,"1 or more years of college credit, no degree",HLS-Massage Therapists,SRV-Nail Salons And Other Personal Care Services,Married,Opposite-sex husband/wife/spouse,Females with own children 6 to 17 years only,4,No,120,727,4.5,6.5,4.5,2.5,6,4.5,2.25,2,3,4,Mainline Protestant,Important,Once or twice a month,0.015350877192982448,gss_2018_1315,Can trust people,40,Pretty happy,0.021929824561403577,20240404240590,07:30:00,0
2024HU0287955_2,CO,Colorado,West,00200,Male,39,White alone,Not Spanish/Hispanic/Latino,Bachelor's degree,EAT-First-Line Supervisors Of Food Preparation And Serving Workers,ENT-Drinking Places (Alcoholic Beverages),Married,Opposite-sex husband/wife/spouse,N/A (male/female under 16 years old/GQ),4,N/A (less than 15 years/greater than 50 years/ male),1124,451,4.5,5,6,5.5,6.5,4.75,1,1.3333333333333333,1,2,Not religious,Not important,Never,0.00877192982456132,gss_2018_804,Can trust people,15,Pretty happy,0.002192982456140413,20240806241988,08:00:00,0
2024HU1211918_1,PA,Pennsylvania,Northeast,03012,Female,74,White alone,Not Spanish/Hispanic/Latino,Bachelor's degree,BUS-Human Resources Workers,MED-Offices Of Chiropractors,Divorced,Reference person,Females with no own children,1,N/A (less than 15 years/greater than 50 years/ male),105,555,4.5,5,5.5,4.5,4.5,3.75,4,4,6,6,Mainline Protestant,Important,A few times a year,0.006578947368421129,gss_2018_1304,Depends,47,Very happy,0.028508771929824483,20230706231242,07:45:00,0.002109704641350185
2024HU0964559_1,MI,Michigan,Midwest,02600,Female,64,Two or more races,Not Spanish/Hispanic/Latino,Bachelor's degree,N/A (less than 16 years old/NILF who last worked more than 5 years ago or never worked),N/A (less than 16 years old/NILF who last worked more than 5 years ago or never worked),Widowed,Reference person,Females with no own children,2,N/A (less than 15 years/greater than 50 years/ male),305,3120,5.5,5.5,5.5,5.5,5,1.5,1.5,1,5,4,Roman Catholic,Important,Every week,0.22368421052631582,gss_2018_890,Can't be too careful,40,Pretty happy,0.17543859649122806,20240403241872,10:00:00,0.16877637130801693
2024HU0649841_2,WI,Wisconsin,Midwest,02200,Male,58,White alone,Not Spanish/Hispanic/Latino,Regular high school diploma,"PRD-Inspectors, Testers, Sorters, Samplers, And Weighers",RET-Automobile Dealers,Married,Opposite-sex husband/wife/spouse,N/A (male/female under 16 years old/GQ),2,N/A (less than 15 years/greater than 50 years/ male),174,282,2,5,6,6,5,2,3.5,2.3333333333333335,7,6,Mainline Protestant,Important,Never,0.002192982456140413,gss_2018_283,Can trust people,52,Pretty happy,0,20240201242372,13:00:00,0
2024HU1303259_2,MI,Michigan,Midwest,02903,Female,94,White alone,Not Spanish/Hispanic/Latino,Bachelor's degree,N/A (less than 16 years old/NILF who last worked more than 5 years ago or never worked),N/A (less than 16 years old/NILF who last worked more than 5 years ago or never worked),Married,Opposite-sex husband/wife/spouse,Females with no own children,5,N/A (less than 15 years/greater than 50 years/ male),92,3484,4,6.5,6.5,5,4.5,2.75,1.75,2.3333333333333335,6,5,Evangelical Protestant,Important,Almost every week,0.039473684210526216,gss_2018_1799,Can trust people,40,Very happy,0.06798245614035092,20230605231192,07:30:00,0.01898734177215189
2024HU1092928_2,FL,Florida,South,10307,Male,78,White alone,Not Spanish/Hispanic/Latino,Bachelor's degree,N/A (less than 16 years old/NILF who last worked more than 5 years ago or never worked),N/A (less than 16 years old/NILF who last worked more than 5 years ago or never worked),Married,Opposite-sex husband/wife/spouse,N/A (male/female under 16 years old/GQ),2,N/A (less than 15 years/greater than 50 years/ male),70,852,3.5,4.5,6,4.5,5,2.75,3,3.6666666666666665,5,5,Roman Catholic,Important,Every week,0.00877192982456132,gss_2024_1358,Can't be too careful,20,Pretty happy,0.01754385964912275,20241109241051,06:00:00,0
2024HU0404475_1,CO,Colorado,West,02005,Female,46,Hispanic or Latino (any race),Spaniard,"Some college, but less than 1 year",OFF-Customer Service Representatives,FIN-Insurance Carriers,Married,Reference person,Females with own children 6 to 17 years only,4,No,108,2431,4.5,4,5,4.5,3,3,3,3.3333333333333335,2,4,Roman Catholic,Important,A few times a year,0.013157894736842146,gss_2016_942,Can't be too careful,40,Pretty happy,0.030701754385964897,20240402241901,06:00:00,0.008438818565400852
2024HU0755899_1,MD,Maryland,South,01300,Female,43,White alone,Not Spanish/Hispanic/Latino,"1 or more years of college credit, no degree",SAL-Retail Salespersons,RET-Other Miscellaneous Retailers,Divorced,Reference person,Females with own children 6 to 17 years only,3,No,241,468,7,4.5,6.5,5.5,5.5,3.5,2.25,4,6,3,Not religious,Not important,Never,0.002192982456140413,gss_2018_1509,Can't be too careful,10,Pretty happy,0.004385964912280715,20240707241389,07:00:00,0.002109704641350185
2024HU1277668_2,MD,Maryland,South,00504,Female,26,Black or African American alone,Not Spanish/Hispanic/Latino,Grade 10,N/A (less than 16 years old/NILF who last worked more than 5 years ago or never worked),N/A (less than 16 years old/NILF who last worked more than 5 years ago or never worked),Never married or under 15 years old,Biological son or daughter,Females with no own children,5,No,389,40,5,5,5.5,3,6,4.25,1.5,4.666666666666667,2,2,Undifferentiated Christian,Important,A few times a year,0.16666666666666663,gss_2024_1157,Can't be too careful,49,Not too happy,0.002192982456140413,20240806241114,07:30:00,0.016877637130801815
2024HU0787520_1,MS,Mississippi,South,00600,Male,34,Black or African American alone,Not Spanish/Hispanic/Latino,Grade 10,N/A (less than 16 years old/NILF who last worked more than 5 years ago or never worked),N/A (less than 16 years old/NILF who last worked more than 5 years ago or never worked),Never married or under 15 years old,Reference person,N/A (male/female under 16 years old/GQ),1,N/A (less than 15 years/greater than 50 years/ male),396,986,4.5,4,4,4,4,3,3,4,5,4,Mainline Protestant,Important,A few times a year,0.03289473684210531,gss_2024_2478,Can't be too careful,50,Pretty happy,0.013157894736842146,20230605231411,05:00:00,0.002109704641350185
2024HU0153965_1,SD,South Dakota,Midwest,00400,Male,28,Black or African American alone,Not Spanish/Hispanic/Latino,"Some college, but less than 1 year",PRT-Police Officers,"ADM-Justice, Public Order, And Safety Activities",Never married or under 15 years old,Reference person,N/A (male/female under 16 years old/GQ),1,N/A (less than 15 years/greater than 50 years/ male),199,4536,5,7,6.5,6.5,7,4.25,1.5,2,1,1,Undifferentiated Christian,Not important,Once or twice a month,0.004385964912280715,gss_2018_895,Can't be too careful,16,Very happy,0.16885964912280704,20230111221730,11:00:00,0.012658227848101333
2024HU0699406_1,NC,North Carolina,South,00900,Male,39,Hispanic or Latino (any race),Honduran,Bachelor's degree,CMM-Software Developers,"FIN-Agencies, Brokerages, And Other Insurance Related Activities",Never married or under 15 years old,Reference person,N/A (male/female under 16 years old/GQ),2,N/A (less than 15 years/greater than 50 years/ male),88,625,5.5,4.5,5.5,5,5.5,3.25,1.75,4.333333333333333,1,2,Roman Catholic,Not important,Never,0.17324561403508776,gss_2024_1710,Can't be too careful,40,Pretty happy,0.013157894736842146,20240112230755,06:00:00,0.008438818565400852
2024HU1018986_1,WI,Wisconsin,Midwest,02103,Male,27,Black or African American alone,Not Spanish/Hispanic/Latino,Associate's degree,OFF-Couriers And Messengers,TRN-Couriers And Messengers,Never married or under 15 years old,Reference person,N/A (male/female under 16 years old/GQ),1,N/A (less than 15 years/greater than 50 years/ male),1651,561,6.5,3,7,6,7,3.75,1,3.3333333333333335,1,3,Evangelical Protestant,Important,Once or twice a month,0,gss_2016_852,Can trust people,50,Not too happy,0.16885964912280704,20230111221730,11:00:00,0.014767932489451518
2024HU1428729_1,DC,District of Columbia,South,00106,Male,67,Hispanic or Latino (any race),Salvadoran,Grade 5,N/A (less than 16 years old/NILF who last worked more than 5 years ago or never worked),N/A (less than 16 years old/NILF who last worked more than 5 years ago or never worked),Married,Reference person,N/A (male/female under 16 years old/GQ),3,N/A (less than 15 years/greater than 50 years/ male),260,2458,4.5,3.5,6,5,4,2.5,3,3,5,6,Undifferentiated Christian,Important,Every week,0.02631578947368418,gss_2016_1254,Can't be too careful,57,Very happy,0.015350877192982448,20240403240943,06:00:00,0.006329113924050667
2024HU0603469_2,FL,Florida,South,03103,Female,80,White alone,Not Spanish/Hispanic/Latino,Master's degree,N/A (less than 16 years old/NILF who last worked more than 5 years ago or never worked),N/A (less than 16 years old/NILF who last worked more than 5 years ago or never worked),Married,Opposite-sex husband/wife/spouse,Females with no own children,2,N/A (less than 15 years/greater than 50 years/ male),45,4181,3,6.5,7,5.5,6,2.25,1.75,3.3333333333333335,3,2,Other religion,Important,Almost every week,0.019736842105263164,gss_2016_2814,Can trust people,3,Very happy,0.030701754385964897,20230706232303,07:30:00,0
2024HU1429764_1,MD,Maryland,South,00602,Male,69,White alone,Not Spanish/Hispanic/Latino,Master's degree,MGR-Education And Childcare Administrators,EDU-Elementary And Secondary Schools,Married,Reference person,N/A (male/female under 16 years old/GQ),2,N/A (less than 15 years/greater than 50 years/ male),47,3085,4.5,7,6,7,6,1,3.25,2.6666666666666665,7,6,Undifferentiated Christian,Important,Every week,0.002192982456140413,gss_2016_2612,Can trust people,40,Very happy,0.006578947368421129,20231211230504,09:30:00,0
2024HU1276754_1,MS,Mississippi,South,00700,Male,63,Black or African American alone,Not Spanish/Hispanic/Latino,Grade 10,N/A (less than 16 years old/NILF who last worked more than 5 years ago or never worked),N/A (less than 16 years old/NILF who last worked more than 5 years ago or never worked),Widowed,Reference person,N/A (male/female under 16 years old/GQ),1,N/A (less than 15 years/greater than 50 years/ male),77,61,4,5,4,5,4,3,1.75,3.3333333333333335,1,2,Evangelical Protestant,Important,Almost every week,0.17763157894736847,gss_2024_3195,Can't be too careful,35,Pretty happy,0.17324561403508776,20231211230960,09:00:00,0.014767932489451518
2024HU0783121_1,NC,North Carolina,South,01206,Female,57,White alone,Not Spanish/Hispanic/Latino,"1 or more years of college credit, no degree","SAL-Sales Representatives, Wholesale And Manufacturing",WHL-Wholesale Trade Agents And Brokers,Married,Reference person,Females with no own children,2,N/A (less than 15 years/greater than 50 years/ male),185,4383,4.5,6,7,6,6,1.5,3,2,7,6,Undifferentiated Christian,Important,Every week,0.002192982456140413,gss_2018_935,Can't be too careful,36,Pretty happy,0.015350877192982448,20240706242354,07:00:00,0
2024HU1014745_1,TX,Texas,South,06603,Male,74,Hispanic or Latino (any race),Mexican,"1 or more years of college credit, no degree",CLN-Landscaping And Groundskeeping Workers,PRF-Landscaping Services,Married,Reference person,N/A (male/female under 16 years old/GQ),2,N/A (less than 15 years/greater than 50 years/ male),120,603,2.5,3.5,5,4.5,3.5,2,2.25,3.3333333333333335,6,5,Not religious,Not important,Never,0.04824561403508776,gss_2018_701,Can't be too careful,40,Very happy,0.1864035087719298,20240807242173,07:00:00,0
2024HU0418929_2,NC,North Carolina,South,03400,Male,22,Hispanic or Latino (any race),Mexican,Bachelor's degree,FIN-Accountants And Auditors,"PRF-Accounting, Tax Preparation, Bookkeeping, And Payroll Services",Never married or under 15 years old,Brother or sister,N/A (male/female under 16 years old/GQ),2,N/A (less than 15 years/greater than 50 years/ male),75,110,4,4,4,4,4,3,2.75,3.6666666666666665,3,4,Other religion,Important,Almost every week,0.16885964912280704,gss_2024_1710,Can't be too careful,40,Pretty happy,0.02412280701754399,20240908240127,11:00:00,0.002109704641350185
2024HU0584266_1,NJ,New Jersey,Northeast,00502,Male,67,Hispanic or Latino (any race),Peruvian,12th grade - no diploma,TRN-Driver/Sales Workers And Truck Drivers,WHL-Grocery And Related Product Merchant Wholesalers,Widowed,Reference person,N/A (male/female under 16 years old/GQ),1,N/A (less than 15 years/greater than 50 years/ male),97,39,2.5,5,5,3.5,4,3,2.5,1,3,4,Not religious,Not important,Never,0.20833333333333337,gss_2016_493,Can't be too careful,21,Not too happy,0.23245614035087725,20231010231365,06:30:00,0.02742616033755274
