person_id,state_abbr,state_name,region,puma,sex,age,race_ethnicity,hispanic_origin,education,occupation,industry,marital_status,household_relationship,presence_of_children,family_size,gave_birth_past_year,person_weight,anes_respondent_id,tipi_extraversion_anes,tipi_agreeableness_anes,tipi_conscientiousness_anes,tipi_emotional_stability_anes,tipi_openness_anes,moral_traditionalism_anes,egalitarianism_anes,opinion_strength_anes,party_id_7pt_anes,ideology_7pt_anes,religion_group_anes,religion_importance_anes,religion_attendance_anes,anes_match_distance,gss_respondent_id,social_trust_gss,usual_hours_worked_gss,general_happiness_gss,gss_match_distance,atus_respondent_id,wake_time_atus,atus_match_distance,stance
2024HU1019293_1,MI,Michigan,Midwest,2300,Female,64,White alone,Not Spanish/Hispanic/Latino,Bachelor's degree,N/A (less than 16 years old/NILF who last worked more than 5 years ago or never worked),N/A (less than 16 years old/NILF who last worked more than 5 years ago or never worked),Widowed,Reference person,Females with no own children,1,N/A (less than 15 years/greater than 50 years/ male),49,995,3.0,6.0,2.5,4.5,3.5,2.25,2.75,2.333333333333333,7,4,Not religious,Important,Never,0.057017543859649,gss_2016_2694,Depends,40,Pretty happy,0.0197368421052631,20230302231597,07:00:00,0.0021097046413501,No preference
2024HU0024348_2,WI,Wisconsin,Midwest,1900,Male,46,White alone,Not Spanish/Hispanic/Latino,Regular high school diploma,CON-Carpenters,CON-Construction (The Cleaning Of Buildings And Dwellings Is Incidental During Construction And Immediately After Construction),Married,Opposite-sex husband/wife/spouse,N/A (male/female under 16 years old/GQ),2,N/A (less than 15 years/greater than 50 years/ male),44,3058,6.0,5.0,7.0,7.0,6.0,2.75,4.25,1.6666666666666667,7,6,Evangelical Protestant,Important,Almost every week,0.0109649122807017,gss_2018_2197,Can't be too careful,55,Very happy,0.0043859649122807,20240706241071,07:00:00,0.0021097046413501,Standard
2024HU0274798_2,GA,Georgia,South,2700,Male,53,White alone,Not Spanish/Hispanic/Latino,Bachelor's degree,"SAL-Sales Representatives Of Services, Except Advertising, Insurance, Financial Services, And Travel",PRF-Employment Services,Divorced,Opposite-sex unmarried partner,N/A (male/female under 16 years old/GQ),1,N/A (less than 15 years/greater than 50 years/ male),209,1118,5.0,7.0,7.0,6.5,4.0,2.5,3.0,3.333333333333333,7,5,Not religious,Not important,Never,0.0021929824561404,gss_2016_2572,Can't be too careful,72,Not too happy,0.0065789473684211,20240505241449,06:00:00,0.0,DST
2024HU0870136_1,MA,Massachusetts,Northeast,606,Female,47,White alone,Not Spanish/Hispanic/Latino,Bachelor's degree,MGR-Other Managers,PRF-Computer Systems Design And Related Services,Married,Reference person,Females with own children 6 to 17 years only,3,No,62,321,6.5,5.0,7.0,5.5,6.0,4.0,2.25,4.0,3,4,Jewish,Important,A few times a year,0.0065789473684211,gss_2022_612,Can't be too careful,4,Pretty happy,0.0021929824561404,20240807241718,08:00:00,0.0021097046413501,DST
2024HU0838724_2,TN,Tennessee,South,2101,Male,70,Two or more races,Not Spanish/Hispanic/Latino,Regular high school diploma,N/A (less than 16 years old/NILF who last worked more than 5 years ago or never worked),N/A (less than 16 years old/NILF who last worked more than 5 years ago or never worked),Married,Opposite-sex husband/wife/spouse,N/A (male/female under 16 years old/GQ),2,N/A (less than 15 years/greater than 50 years/ male),93,3597,5.0,4.5,5.0,3.5,4.0,1.75,3.75,3.333333333333333,6,7,Evangelical Protestant,Important,Never,0.1666666666666666,gss_2018_948,Can trust people,40,Pretty happy,0.0328947368421053,20240605241666,07:15:00,0.1666666666666666,DST
2024HU0017836_1,NC,North Carolina,South,1301,Male,50,Asian alone,Not Spanish/Hispanic/Latino,Doctorate degree,BUS-Management Analysts,"PRF-Other Professional, Scientific, And Technical, Except Veterinary, Services",Never married or under 15 years old,Reference person,N/A (male/female under 16 years old/GQ),1,N/A (less than 15 years/greater than 50 years/ male),119,967,4.0,4.5,4.5,4.0,4.5,4.0,1.0,3.333333333333333,2,2,Other religion,Not important,Never,0.168859649122807,gss_2024_456,Can't be too careful,40,Pretty happy,0.0548245614035088,20240605240782,07:00:00,0.0084388185654008,Standard
2024HU1382157_2,CT,Connecticut,Northeast,20802,Male,51,White alone,Not Spanish/Hispanic/Latino,Bachelor's degree,"BUS-Claims Adjusters, Appraisers, Examiners, And Investigators","FIN-Agencies, Brokerages, And Other Insurance Related Activities",Married,Opposite-sex husband/wife/spouse,N/A (male/female under 16 years old/GQ),3,N/A (less than 15 years/greater than 50 years/ male),77,742,6.0,6.5,6.5,6.0,5.5,4.0,2.0,3.333333333333333,1,2,Roman Catholic,Not important,A few times a year,0.0,gss_2016_1571,Can trust people,50,Pretty happy,0.0043859649122807,20231008231223,08:00:00,0.0021097046413501,DST
2024HU0695760_1,FL,Florida,South,12701,Male,82,White alone,Not Spanish/Hispanic/Latino,Regular high school diploma,N/A (less than 16 years old/NILF who last worked more than 5 years ago or never worked),N/A (less than 16 years old/NILF who last worked more than 5 years ago or never worked),Married,Reference person,N/A (male/female under 16 years old/GQ),2,N/A (less than 15 years/greater than 50 years/ male),329,4533,2.5,5.5,4.5,5.0,2.5,2.0,3.0,2.0,7,6,Roman Catholic,Not important,Never,0.0043859649122807,gss_2022_2144,Can't be too careful,0,Pretty happy,0.0285087719298244,20240403241655,08:00:00,0.0042194092827004,DST
2024HU0552579_3,HI,Hawaii,West,100,Female,52,White alone,Not Spanish/Hispanic/Latino,Regular high school diploma,"OFF-Bookkeeping, Accounting, And Auditing Clerks","PRF-Accounting, Tax Preparation, Bookkeeping, And Payroll Services",Divorced,Stepson or stepdaughter,Females with no own children,3,N/A (less than 15 years/greater than 50 years/ male),90,2504,3.0,7.0,7.0,5.5,6.0,3.5,1.75,1.0,1,3,Undifferentiated Christian,Important,A few times a year,0.1666666666666666,gss_2016_2534,Can trust people,40,Very happy,0.0109649122807017,20231110230867,06:30:00,0.021097046413502,DST
2024HU1132317_1,IL,Illinois,Midwest,19702,Male,57,White alone,Not Spanish/Hispanic/Latino,Bachelor's degree,MGR-Other Managers,CON-Construction (The Cleaning Of Buildings And Dwellings Is Incidental During Construction And Immediately After Construction),Married,Reference person,N/A (male/female under 16 years old/GQ),2,N/A (less than 15 years/greater than 50 years/ male),82,3646,2.0,5.5,6.5,5.0,5.0,2.75,2.75,1.6666666666666667,6,4,Mainline Protestant,Important,Every week,0.0021929824561404,gss_2016_1074,Can trust people,55,Pretty happy,0.0021929824561404,20241211240739,07:00:00,0.0,Standard
2024HU1279190_1,TX,Texas,South,4904,Female,70,White alone,Not Spanish/Hispanic/Latino,"Some college, but less than 1 year",N/A (less than 16 years old/NILF who last worked more than 5 years ago or never worked),N/A (less than 16 years old/NILF who last worked more than 5 years ago or never worked),Widowed,Reference person,Females with no own children,1,N/A (less than 15 years/greater than 50 years/ male),136,134,4.5,7.0,4.5,6.5,4.0,2.25,3.25,3.333333333333333,7,4,Roman Catholic,Important,Once or twice a month,0.0087719298245613,gss_2016_1973,Can trust people,33,Pretty happy,0.1666666666666666,20230504231440,05:00:00,0.0,DST
2024HU0958925_1,AL,Alabama,South,800,Male,89,White alone,Not Spanish/Hispanic/Latino,Bachelor's degree,N/A (less than 16 years old/NILF who last worked more than 5 years ago or never worked),N/A (less than 16 years old/NILF who last worked more than 5 years ago or never worked),Widowed,Reference person,N/A (male/female under 16 years old/GQ),2,N/A (less than 15 years/greater than 50 years/ male),79,177,5.5,6.5,6.0,6.0,5.0,1.0,4.5,3.0,7,6,Roman Catholic,Important,Every week,0.0328947368421053,gss_2022_2152,Can't be too careful,30,Not too happy,0.1842105263157893,20231111230049,04:15:00,0.0084388185654008,Standard
2024HU1215879_1,SC,South Carolina,South,1402,Male,75,White alone,Not Spanish/Hispanic/Latino,Master's degree,N/A (less than 16 years old/NILF who last worked more than 5 years ago or never worked),N/A (less than 16 years old/NILF who last worked more than 5 years ago or never worked),Married,Reference person,N/A (male/female under 16 years old/GQ),2,N/A (less than 15 years/greater than 50 years/ male),45,4815,3.0,4.5,5.0,4.0,4.5,3.0,3.5,1.3333333333333333,6,6,Evangelical Protestant,Important,Once or twice a month,0.0065789473684211,gss_2018_1675,Can trust people,16,Very happy,0.0021929824561404,20240909240886,07:30:00,0.0,DST
2024HU1437840_1,CT,Connecticut,Northeast,20902,Female,28,White alone,Not Spanish/Hispanic/Latino,Master's degree,CMM-Other Mathematical Science Occupations,"PRF-Other Professional, Scientific, And Technical, Except Veterinary, Services",Never married or under 15 years old,Reference person,Females with no own children,1,No,227,3310,6.0,6.0,5.5,3.0,7.0,4.25,1.25,2.0,2,3,Not religious,Not important,Never,0.0307017543859648,gss_2016_654,Can't be too careful,40,Pretty happy,0.0043859649122807,20230302232365,12:00:00,0.0,DST
2024HU1295491_2,CA,California,West,3767,Male,36,Hispanic or Latino (any race),Mexican,GED or alternative credential,TRN-Cleaners Of Vehicles And Equipment,SRV-Car Washes,Never married or under 15 years old,Opposite-sex unmarried partner,N/A (male/female under 16 years old/GQ),3,N/A (less than 15 years/greater than 50 years/ male),135,3209,4.0,4.0,4.0,4.0,4.0,3.0,2.75,2.6666666666666665,2,4,Roman Catholic,Important,A few times a year,0.037280701754386,gss_2016_241,Can't be too careful,50,Pretty happy,0.0021929824561404,20240504240760,08:00:00,0.0021097046413501,Standard
2024HU0618975_1,WI,Wisconsin,Midwest,200,Female,80,White alone,Not Spanish/Hispanic/Latino,Regular high school diploma,N/A (less than 16 years old/NILF who last worked more than 5 years ago or never worked),N/A (less than 16 years old/NILF who last worked more than 5 years ago or never worked),Divorced,Reference person,Females with no own children,1,N/A (less than 15 years/greater than 50 years/ male),43,2504,3.0,7.0,7.0,5.5,6.0,3.5,1.75,1.0,1,3,Undifferentiated Christian,Important,A few times a year,0.0614035087719297,gss_2022_2714,Can trust people,58,Pretty happy,0.0109649122807017,20230908231484,07:00:00,0.0,Standard
2024GQ0160293_1,NC,North Carolina,South,700,Male,18,White alone,Not Spanish/Hispanic/Latino,"Some college, but less than 1 year",N/A (less than 16 years old/NILF who last worked more than 5 years ago or never worked),N/A (less than 16 years old/NILF who last worked more than 5 years ago or never worked),Never married or under 15 years old,Noninstitutionalized group quarters population,N/A (male/female under 16 years old/GQ),1,N/A (less than 15 years/greater than 50 years/ male),28,2714,2.0,2.5,6.5,6.5,4.0,3.0,2.0,3.333333333333333,4,4,Not religious,Not important,Never,0.0021929824561404,gss_2018_667,Can trust people,89,Pretty happy,0.0350877192982456,20231110230219,07:30:00,0.0021097046413501,DST
2024HU0982906_1,WA,Washington,West,22500,Male,44,Hispanic or Latino (any race),Mexican,"1 or more years of college credit, no degree",RPR-Industrial And Refractory Machinery Mechanics,TRN-Warehousing And Storage,Never married or under 15 years old,Reference person,N/A (male/female under 16 years old/GQ),1,N/A (less than 15 years/greater than 50 years/ male),350,3451,3.5,4.5,4.5,4.5,3.0,3.0,3.0,3.6666666666666665,1,4,Not religious,Not important,Never,0.0131578947368421,gss_2024_302,Can't be too careful,40,Not too happy,0.0219298245614035,20240805241708,06:00:00,0.0084388185654008,Standard
2024HU0214350_1,AZ,Arizona,West,134,Female,46,White alone,Not Spanish/Hispanic/Latino,Master's degree,MGR-Medical And Health Services Managers,MED-Outpatient Care Centers,Married,Reference person,Females with own children 6 to 17 years only,5,No,131,3828,3.5,6.0,5.5,6.0,6.5,1.5,3.25,2.6666666666666665,7,6,Not religious,Not important,Never,0.0087719298245613,gss_2022_3124,Can trust people,60,Pretty happy,0.0,20230504232349,07:00:00,0.0,Standard
2024HU0392867_2,NJ,New Jersey,Northeast,1503,Female,37,Asian alone,Not Spanish/Hispanic/Latino,Bachelor's degree,SCI-Biological Scientists,"MED-General Medical And Surgical Hospitals, And Specialty (Except Psychiatric And Substance Abuse) Hospitals",Married,Opposite-sex husband/wife/spouse,Females with own children 6 to 17 years only,6,No,109,678,5.0,4.0,4.0,3.0,4.0,2.75,2.5,5.0,1,5,Other religion,Important,Every week,0.0307017543859648,gss_2016_43,Can't be too careful,6,Pretty happy,0.0679824561403509,20230403230697,06:00:00,0.0021097046413501,Standard
2024HU1363866_1,VA,Virginia,South,10701,Female,53,Asian alone,Not Spanish/Hispanic/Latino,Bachelor's degree,MED-Registered Nurses,"MED-General Medical And Surgical Hospitals, And Specialty (Except Psychiatric And Substance Abuse) Hospitals",Married,Reference person,Females with own children 6 to 17 years only,4,N/A (less than 15 years/greater than 50 years/ male),51,3847,3.0,5.0,6.0,4.0,4.0,2.75,2.75,2.6666666666666665,2,3,Other religion,Not important,Never,0.1710526315789473,gss_2024_2101,Can't be too careful,40,Not too happy,0.0021929824561404,20240504242318,06:30:00,0.0105485232067511,Standard
2024HU1358383_1,MA,Massachusetts,Northeast,1002,Female,61,White alone,Not Spanish/Hispanic/Latino,Regular high school diploma,EAT-First-Line Supervisors Of Food Preparation And Serving Workers,"MED-Residential Care Facilities, Except Skilled Nursing Facilities",Divorced,Reference person,Females with no own children,2,N/A (less than 15 years/greater than 50 years/ male),325,3627,2.5,5.0,5.5,6.5,3.5,2.75,2.75,2.0,5,5,Not religious,Not important,Never,0.1666666666666666,gss_2018_41,Can trust people,30,Pretty happy,0.0087719298245613,20230112220896,07:30:00,0.0042194092827004,Standard
2024HU1254879_2,MI,Michigan,Midwest,2200,Female,67,White alone,Not Spanish/Hispanic/Latino,Bachelor's degree,EDU-Elementary And Middle School Teachers,EDU-Elementary And Secondary Schools,Married,Opposite-sex husband/wife/spouse,Females with no own children,2,N/A (less than 15 years/greater than 50 years/ male),21,4780,2.5,6.0,6.0,5.5,2.5,3.0,2.5,2.6666666666666665,4,4,Mainline Protestant,Important,Almost every week,0.0065789473684211,gss_2018_1799,Can trust people,40,Very happy,0.0087719298245613,20230404231450,09:00:00,0.0,Standard
2024GQ0174062_1,AZ,Arizona,West,805,Male,36,Hispanic or Latino (any race),Mexican,Grade 8,CON-Construction Laborers,CON-Construction (The Cleaning Of Buildings And Dwellings Is Incidental During Construction And Immediately After Construction),Never married or under 15 years old,Institutionalized group quarters population,N/A (male/female under 16 years old/GQ),1,N/A (less than 15 years/greater than 50 years/ male),41,1005,5.0,6.0,6.0,7.0,6.0,3.25,2.75,2.333333333333333,4,5,Not religious,Important,Never,0.0021929824561404,gss_2016_540,Can't be too careful,40,Pretty happy,0.0175438596491227,20240909241860,07:00:00,0.0,Standard
2024HU0807438_1,VA,Virginia,South,6900,Female,59,White alone,Not Spanish/Hispanic/Latino,Doctorate degree,"BUS-Business Operations Specialists, All Other",MED-Other Health Care Services,Never married or under 15 years old,Reference person,Females with no own children,1,N/A (less than 15 years/greater than 50 years/ male),402,4510,6.5,3.5,6.5,5.0,6.0,1.5,3.5,4.333333333333333,7,6,Undifferentiated Christian,Important,Every week,0.0350877192982456,gss_2016_1253,Can't be too careful,12,Pretty happy,0.037280701754386,20240605241466,05:20:00,0.0021097046413501,Standard
2024HU0932187_1,CA,California,West,3745,Male,32,Hispanic or Latino (any race),Mexican,"1 or more years of college credit, no degree",CLN-Landscaping And Groundskeeping Workers,PRF-Landscaping Services,Married,Reference person,N/A (male/female under 16 years old/GQ),6,N/A (less than 15 years/greater than 50 years/ male),120,455,4.5,5.0,6.5,6.0,6.0,3.75,3.25,2.0,7,6,Roman Catholic,Important,Never,0.0679824561403509,gss_2024_2868,Can't be too careful,50,Pretty happy,0.0087719298245613,20240705240537,11:00:00,0.0063291139240506,DST
2024HU1459377_1,LA,Louisiana,South,600,Female,52,White alone,Not Spanish/Hispanic/Latino,Regular high school diploma,N/A (less than 16 years old/NILF who last worked more than 5 years ago or never worked),N/A (less than 16 years old/NILF who last worked more than 5 years ago or never worked),Married,Reference person,Females with no own children,2,N/A (less than 15 years/greater than 50 years/ male),160,4513,5.5,6.5,7.0,6.5,6.5,5.0,1.0,1.0,1,2,Evangelical Protestant,Important,Almost every week,0.0153508771929824,gss_2018_2122,Can't be too careful,40,Pretty happy,0.0,20240403240510,05:00:00,0.0,Standard
2024HU0027257_2,AL,Alabama,South,2802,Female,20,White alone,Not Spanish/Hispanic/Latino,Regular high school diploma,OFF-Receptionists And Information Clerks,MED-Offices Of Optometrists,Never married or under 15 years old,Biological son or daughter,Females with no own children,3,No,51,3933,3.5,4.0,5.0,4.0,4.5,3.75,1.75,3.0,3,2,Not religious,Not important,Never,0.1666666666666666,gss_2018_1615,Can trust people,36,Very happy,0.0,20240111230203,09:00:00,0.0021097046413501,DST
2024HU0574128_4,GA,Georgia,South,1404,Male,24,Asian alone,Not Spanish/Hispanic/Latino,Bachelor's degree,N/A (less than 16 years old/NILF who last worked more than 5 years ago or never worked),N/A (less than 16 years old/NILF who last worked more than 5 years ago or never worked),Never married or under 15 years old,Roommate or housemate,N/A (male/female under 16 years old/GQ),1,N/A (less than 15 years/greater than 50 years/ male),140,4401,4.5,5.5,5.5,4.5,4.0,3.0,3.0,3.0,2,2,Mainline Protestant,Not important,A few times a year,0.168859649122807,gss_2016_2010,Can trust people,48,Pretty happy,0.0109649122807017,20230212221551,09:00:00,0.0042194092827004,Standard
2024HU0627702_2,NC,North Carolina,South,3105,Female,43,White alone,Not Spanish/Hispanic/Latino,Bachelor's degree,MGR-Medical And Health Services Managers,MED-Other Health Care Services,Married,Opposite-sex husband/wife/spouse,Females with no own children,2,No,61,172,4.0,5.5,5.0,3.5,5.5,2.5,2.5,3.333333333333333,7,5,Evangelical Protestant,Important,Almost every week,0.0043859649122807,gss_2016_2243,Can trust people,50,Very happy,0.0043859649122807,20240101241253,05:45:00,0.0,Standard
2024HU0401108_2,CA,California,West,6714,Female,37,White alone,Not Spanish/Hispanic/Latino,Master's degree,MGR-Other Managers,INF-Software Publishers,Separated,Opposite-sex unmarried partner,Females with no own children,1,No,76,377,7.0,6.5,6.5,6.5,7.0,4.75,1.0,4.666666666666667,3,1,Not religious,Not important,Never,0.1666666666666666,gss_2018_150,Can trust people,40,Very happy,0.0482456140350877,20230201231511,05:00:00,0.0569620253164556,DST
2024HU0180250_2,MO,Missouri,Midwest,2600,Male,33,White alone,Not Spanish/Hispanic/Latino,Regular high school diploma,CON-Construction Laborers,CON-Construction (The Cleaning Of Buildings And Dwellings Is Incidental During Construction And Immediately After Construction),Married,Opposite-sex husband/wife/spouse,N/A (male/female under 16 years old/GQ),5,N/A (less than 15 years/greater than 50 years/ male),65,3058,6.0,5.0,7.0,7.0,6.0,2.75,4.25,1.6666666666666667,7,6,Evangelical Protestant,Important,Almost every week,0.0175438596491227,gss_2016_2231,Can't be too careful,45,Pretty happy,0.0,20241110241211,07:30:00,0.0,Standard
2024HU0664149_3,WA,Washington,West,20503,Female,23,Hispanic or Latino (any race),Panamanian,Bachelor's degree,EDU-Secondary School Teachers,EDU-Elementary And Secondary Schools,Never married or under 15 years old,Biological son or daughter,Females with no own children,4,No,161,4885,4.0,4.5,5.0,4.5,5.5,4.0,1.5,2.6666666666666665,4,4,Undifferentiated Christian,Important,Once or twice a month,0.168859649122807,gss_2022_228,Can't be too careful,40,Pretty happy,0.0,20230504230137,08:00:00,0.0,Standard
2024HU0780563_3,NY,New York,Northeast,4401,Male,23,Hispanic or Latino (any race),Mexican,"1 or more years of college credit, no degree",N/A (less than 16 years old/NILF who last worked more than 5 years ago or never worked),N/A (less than 16 years old/NILF who last worked more than 5 years ago or never worked),Never married or under 15 years old,Brother or sister,N/A (male/female under 16 years old/GQ),5,N/A (less than 15 years/greater than 50 years/ male),85,916,3.0,5.0,4.5,5.0,6.5,4.25,2.75,2.0,2,2,Roman Catholic,Important,A few times a year,0.1666666666666666,gss_2022_959,Can't be too careful,43,Not too happy,0.1666666666666666,20240706240830,07:30:00,0.0253164556962025,DST
2024HU0564496_3,AZ,Arizona,West,1901,Female,18,White alone,Not Spanish/Hispanic/Latino,"Some college, but less than 1 year",N/A (less than 16 years old/NILF who last worked more than 5 years ago or never worked),N/A (less than 16 years old/NILF who last worked more than 5 years ago or never worked),Never married or under 15 years old,Biological son or daughter,Females with no own children,4,No,920,215,4.5,4.0,5.0,5.0,4.5,2.5,3.0,4.333333333333333,5,4,Not religious,Not important,Never,0.0065789473684211,gss_2016_884,Can trust people,45,Pretty happy,0.0197368421052631,20230302232429,07:00:00,0.0042194092827004,DST
2024HU0608423_1,AZ,Arizona,West,127,Male,62,White alone,Not Spanish/Hispanic/Latino,Regular high school diploma,SAL-First-Line Supervisors Of Retail Sales Workers,"RET-Warehouse Clubs, Supercenters, And Other General Merchandise Retailers",Never married or under 15 years old,Reference person,N/A (male/female under 16 years old/GQ),1,N/A (less than 15 years/greater than 50 years/ male),62,4347,3.0,5.0,5.0,3.5,4.5,3.25,3.0,2.6666666666666665,6,5,Roman Catholic,Not important,Never,0.0219298245614035,gss_2018_1919,Can't be too careful,40,Pretty happy,0.0043859649122807,20231110231102,07:30:00,0.0042194092827004,Standard
2024HU0610615_1,IL,Illinois,Midwest,3168,Female,36,Black or African American alone,Not Spanish/Hispanic/Latino,Regular high school diploma,TRN-Driver/Sales Workers And Truck Drivers,TRN-Couriers And Messengers,Never married or under 15 years old,Reference person,Females with own children under 6 years and 6 to 17 years,4,No,793,4003,6.0,6.0,6.5,6.0,6.5,3.25,1.0,3.333333333333333,1,4,Undifferentiated Christian,Not important,Never,0.1710526315789473,gss_2016_829,Can't be too careful,62,Not too happy,0.0043859649122807,20230909231227,08:00:00,0.0021097046413501,DST
2024HU0338691_1,MO,Missouri,Midwest,1905,Male,28,Two or more races,Not Spanish/Hispanic/Latino,Professional degree beyond a bachelor's degree,"LGL-Lawyers, And Judges, Magistrates, And Other Judicial Workers",PRF-Legal Services,Never married or under 15 years old,Reference person,N/A (male/female under 16 years old/GQ),1,N/A (less than 15 years/greater than 50 years/ male),260,286,6.5,5.0,6.0,5.0,6.5,3.0,3.0,3.6666666666666665,7,6,Undifferentiated Christian,Important,A few times a year,0.168859649122807,gss_2016_1291,Can't be too careful,20,Pretty happy,0.0109649122807017,20230807230665,08:00:00,0.0253164556962025,Standard
2024HU0793334_3,OH,Ohio,Midwest,401,Female,20,White alone,Not Spanish/Hispanic/Latino,Bachelor's degree,EAT-Fast Food And Counter Workers,"ENT-Food Services And Drinking Places, Except Alcoholic Beverages",Never married or under 15 years old,Biological son or daughter,Females with no own children,3,No,50,3550,4.0,4.0,3.5,4.5,4.5,3.0,3.0,2.0,1,2,Roman Catholic,Not important,A few times a year,0.0065789473684211,gss_2022_419,Depends,35,Pretty happy,0.0087719298245613,20230604230118,10:30:00,0.0021097046413501,DST
2024HU0766244_1,PA,Pennsylvania,Northeast,3115,Male,71,White alone,Not Spanish/Hispanic/Latino,Master's degree,N/A (less than 16 years old/NILF who last worked more than 5 years ago or never worked),N/A (less than 16 years old/NILF who last worked more than 5 years ago or never worked),Married,Reference person,N/A (male/female under 16 years old/GQ),2,N/A (less than 15 years/greater than 50 years/ male),99,29,4.0,5.5,6.0,5.0,6.0,4.0,1.0,4.666666666666667,3,2,Roman Catholic,Important,Never,0.0043859649122807,gss_2018_36,Can trust people,40,Very happy,0.0131578947368421,20240403241953,07:00:00,0.0,Standard
2024HU1154255_2,ND,North Dakota,Midwest,500,Female,35,Hispanic or Latino (any race),Mexican,Grade 9,OFF-Customer Service Representatives,PRF-Computer Systems Design And Related Services,Married,Opposite-sex husband/wife/spouse,Females with own children under 6 years and 6 to 17 years,5,No,165,883,2.0,6.0,6.0,4.5,7.0,3.0,1.0,2.6666666666666665,2,2,Undifferentiated Christian,Not important,A few times a year,0.1710526315789473,gss_2018_2260,Can't be too careful,40,Very happy,0.168859649122807,20240201240272,07:00:00,0.0316455696202532,DST
2024HU0683669_2,TX,Texas,South,6301,Female,59,Hispanic or Latino (any race),Mexican,No schooling completed,EAT-Cooks,"ENT-Food Services And Drinking Places, Except Alcoholic Beverages",Married,Opposite-sex husband/wife/spouse,Females with no own children,5,N/A (less than 15 years/greater than 50 years/ male),143,3099,4.0,4.5,5.5,3.0,5.0,4.0,2.25,3.0,1,3,Not religious,Important,Never,0.1666666666666666,gss_2018_679,Can't be too careful,40,Not too happy,0.1666666666666666,20240605240553,07:00:00,0.0063291139240506,Standard
2024HU0709621_1,IL,Illinois,Midwest,3108,Male,76,White alone,Not Spanish/Hispanic/Latino,Bachelor's degree,N/A (less than 16 years old/NILF who last worked more than 5 years ago or never worked),N/A (less than 16 years old/NILF who last worked more than 5 years ago or never worked),Widowed,Reference person,N/A (male/female under 16 years old/GQ),1,N/A (less than 15 years/greater than 50 years/ male),518,2534,5.0,7.0,7.0,7.0,6.0,2.25,4.0,3.0,7,5,Roman Catholic,Important,Once or twice a month,0.0021929824561404,gss_2016_2726,Can trust people,10,Not too happy,0.168859649122807,20240303241844,08:00:00,0.0084388185654008,Standard
2024HU0744635_2,TX,Texas,South,5000,Male,74,Hispanic or Latino (any race),All Other Spanish/Hispanic/Latino,"1 or more years of college credit, no degree",N/A (less than 16 years old/NILF who last worked more than 5 years ago or never worked),N/A (less than 16 years old/NILF who last worked more than 5 years ago or never worked),Divorced,Opposite-sex unmarried partner,N/A (male/female under 16 years old/GQ),1,N/A (less than 15 years/greater than 50 years/ male),31,303,6.0,4.5,5.0,5.0,6.5,3.5,2.75,2.333333333333333,3,1,Roman Catholic,Important,Once or twice a month,0.1732456140350877,gss_2024_989,Can trust people,6,Very happy,0.1885964912280702,20230112222409,07:45:00,0.0295358649789029,Standard
2024HU0750605_2,SC,South Carolina,South,1600,Female,72,White alone,Not Spanish/Hispanic/Latino,Master's degree,N/A (less than 16 years old/NILF who last worked more than 5 years ago or never worked),N/A (less than 16 years old/NILF who last worked more than 5 years ago or never worked),Divorced,Father or mother,Females with no own children,2,N/A (less than 15 years/greater than 50 years/ male),145,3587,6.0,5.5,7.0,3.5,4.0,1.5,2.5,2.333333333333333,6,5,Mainline Protestant,Not important,Once or twice a month,0.0219298245614035,gss_2022_843,Can trust people,40,Not too happy,0.0241228070175439,20230706230756,07:00:00,0.0,DST
2024GQ0118602_1,KY,Kentucky,South,2200,Female,19,White alone,Not Spanish/Hispanic/Latino,"1 or more years of college credit, no degree",SAL-Cashiers,RET-Clothing And Clothing Accessories Retailers,Never married or under 15 years old,Noninstitutionalized group quarters population,N/A (male/female under 16 years old/GQ),1,No,38,3235,2.0,6.5,6.5,6.0,3.0,4.5,2.0,1.3333333333333333,1,3,Not religious,Not important,Never,0.0043859649122807,gss_2022_2576,Depends,20,Pretty happy,0.0021929824561404,20240301240089,09:00:00,0.0,DST
2024GQ0029025_1,CA,California,West,6525,Male,85,White alone,Not Spanish/Hispanic/Latino,Regular high school diploma,N/A (less than 16 years old/NILF who last worked more than 5 years ago or never worked),N/A (less than 16 years old/NILF who last worked more than 5 years ago or never worked),Widowed,Institutionalized group quarters population,N/A (male/female under 16 years old/GQ),1,N/A (less than 15 years/greater than 50 years/ male),54,385,3.0,7.0,7.0,6.5,5.0,1.0,2.75,3.0,7,6,Evangelical Protestant,Important,Every week,0.0065789473684211,gss_2016_244,Can't be too careful,48,Very happy,0.0942982456140351,20230112221954,07:45:00,0.0,Standard
2024HU0229812_1,IL,Illinois,Midwest,17900,Male,46,White alone,Not Spanish/Hispanic/Latino,Bachelor's degree,PRT-Police Officers,"ADM-Justice, Public Order, And Safety Activities",Married,Reference person,N/A (male/female under 16 years old/GQ),6,N/A (less than 15 years/greater than 50 years/ male),93,4620,6.5,5.0,7.0,6.5,5.0,2.5,3.75,2.6666666666666665,5,5,Roman Catholic,Important,Never,0.0043859649122807,gss_2018_263,Can't be too careful,70,Very happy,0.0021929824561404,20241210242214,06:30:00,0.0,Standard
2024HU0653865_1,FL,Florida,South,7101,Male,80,White alone,Not Spanish/Hispanic/Latino,Doctorate degree,N/A (less than 16 years old/NILF who last worked more than 5 years ago or never worked),N/A (less than 16 years old/NILF who last worked more than 5 years ago or never worked),Never married or under 15 years old,Reference person,N/A (male/female under 16 years old/GQ),1,N/A (less than 15 years/greater than 50 years/ male),32,967,4.0,4.5,4.5,4.0,4.5,4.0,1.0,3.333333333333333,2,2,Other religion,Not important,Never,0.0679824561403509,gss_2024_488,Can trust people,50,Pretty happy,0.0855263157894737,20240201241286,08:00:00,0.0485232067510548,Standard
2024HU0915932_2,MN,Minnesota,Midwest,1501,Female,28,White alone,Not Spanish/Hispanic/Latino,Associate's degree,EAT-Fast Food And Counter Workers,"ENT-Food Services And Drinking Places, Except Alcoholic Beverages",Never married or under 15 years old,Opposite-sex unmarried partner,Females with no own children,3,Yes,97,3561,6.0,5.0,5.0,4.0,4.5,2.25,2.75,3.333333333333333,6,4,Roman Catholic,Important,Once or twice a month,0.0065789473684211,gss_2024_2619,Can't be too careful,40,Pretty happy,0.0394736842105262,20230807230848,07:00:00,0.0,DST
2024HU1275596_1,MN,Minnesota,Midwest,1607,Female,54,White alone,Not Spanish/Hispanic/Latino,Bachelor's degree,EDU-Preschool And Kindergarten Teachers,SCA-Child Care Services,Married,Reference person,Females with no own children,2,N/A (less than 15 years/greater than 50 years/ male),185,2857,2.5,6.0,6.0,5.5,3.0,1.5,3.75,2.0,7,6,Mainline Protestant,Important,Every week,0.0021929824561404,gss_2024_355,Can't be too careful,25,Pretty happy,0.0021929824561404,20240404240655,06:00:00,0.0,Standard
2024HU1162514_2,WA,Washington,West,25303,Male,49,White alone,Not Spanish/Hispanic/Latino,Regular high school diploma,"RPR-Other Installation, Maintenance, And Repair Workers","WHL-Machinery, Equipment, And Supplies Merchant Wholesalers",Married,Opposite-sex husband/wife/spouse,N/A (male/female under 16 years old/GQ),2,N/A (less than 15 years/greater than 50 years/ male),179,2866,1.5,6.0,6.5,6.5,4.0,3.75,3.5,1.0,6,5,Not religious,Not important,Never,0.0065789473684211,gss_2018_212,Can't be too careful,54,Very happy,0.0065789473684211,20240504240873,08:00:00,0.0021097046413501,Standard
2024HU0298920_1,WV,West Virginia,South,400,Female,53,White alone,Not Spanish/Hispanic/Latino,Master's degree,"CMS-Social Workers, All Other","EDU-Junior Colleges, Colleges, Universities, And Professional Schools",Divorced,Reference person,Females with own children 6 to 17 years only,2,N/A (less than 15 years/greater than 50 years/ male),157,4947,5.0,5.0,6.5,6.0,5.0,3.25,2.0,2.6666666666666665,4,4,Mainline Protestant,Not important,Never,0.0021929824561404,gss_2018_541,Can trust people,55,Not too happy,0.0087719298245613,20231009230751,07:00:00,0.0021097046413501,DST
2024HU0537216_2,FL,Florida,South,3302,Male,79,Black or African American alone,Not Spanish/Hispanic/Latino,"Some college, but less than 1 year",N/A (less than 16 years old/NILF who last worked more than 5 years ago or never worked),N/A (less than 16 years old/NILF who last worked more than 5 years ago or never worked),Divorced,Roommate or housemate,N/A (male/female under 16 years old/GQ),1,N/A (less than 15 years/greater than 50 years/ male),69,493,3.5,6.5,6.0,5.5,5.5,1.75,1.0,3.333333333333333,4,4,Not religious,Not important,Never,0.0394736842105262,gss_2016_1334,Can't be too careful,10,Not too happy,0.1907894736842106,20230201231599,08:00:00,0.0147679324894515,Standard
2024HU0739423_2,OH,Ohio,Midwest,705,Female,19,White alone,Not Spanish/Hispanic/Latino,"Some college, but less than 1 year",EAT-Fast Food And Counter Workers,MFG-Retail Bakeries,Never married or under 15 years old,Opposite-sex unmarried partner,Females with no own children,1,No,512,1068,2.5,7.0,6.5,4.0,5.5,2.5,1.25,2.333333333333333,2,3,Undifferentiated Christian,Important,Every week,0.0021929824561404,gss_2024_2619,Can't be too careful,40,Pretty happy,0.0592105263157893,20240212230197,09:00:00,0.0021097046413501,Standard
2024HU1257075_1,MI,Michigan,Midwest,2904,Male,62,White alone,Not Spanish/Hispanic/Latino,Master's degree,MGR-Chief Executives And Legislators,MED-Outpatient Care Centers,Married,Reference person,N/A (male/female under 16 years old/GQ),2,N/A (less than 15 years/greater than 50 years/ male),75,2811,2.0,6.5,7.0,6.5,5.0,1.0,3.0,2.0,7,7,Evangelical Protestant,Important,Every week,0.0021929824561404,gss_2022_379,Can't be too careful,40,Pretty happy,0.0087719298245613,20230212221814,06:00:00,0.0,Standard
2024HU0957580_1,SD,South Dakota,Midwest,601,Female,56,White alone,Not Spanish/Hispanic/Latino,Master's degree,N/A (less than 16 years old/NILF who last worked more than 5 years ago or never worked),N/A (less than 16 years old/NILF who last worked more than 5 years ago or never worked),Married,Reference person,Females with no own children,3,N/A (less than 15 years/greater than 50 years/ male),87,1031,6.0,6.0,6.0,6.0,4.0,1.75,4.5,4.0,6,5,Mainline Protestant,Important,Every week,0.0065789473684211,gss_2016_2698,Can trust people,40,Pretty happy,0.0043859649122807,20240503241936,09:00:00,0.0021097046413501,DST
2024HU0710471_2,NY,New York,Northeast,4412,Female,39,Hispanic or Latino (any race),Guatemalan,Grade 2,N/A (less than 16 years old/NILF who last worked more than 5 years ago or never worked),N/A (less than 16 years old/NILF who last worked more than 5 years ago or never worked),Married,Opposite-sex husband/wife/spouse,Females with own children 6 to 17 years only,6,No,292,4333,2.0,6.0,5.5,5.0,5.5,4.25,2.0,2.0,2,3,Roman Catholic,Not important,Never,0.168859649122807,gss_2024_39,Can't be too careful,30,Pretty happy,0.1710526315789473,20230403231447,09:00:00,0.0063291139240506,Standard
2024HU1402950_2,WA,Washington,West,20501,Female,20,Hispanic or Latino (any race),Mexican,Regular high school diploma,SAL-Retail Salespersons,"RET-Warehouse Clubs, Supercenters, And Other General Merchandise Retailers",Never married or under 15 years old,Biological son or daughter,Females with no own children,3,No,223,3380,3.0,4.5,4.0,3.0,3.5,3.0,3.25,4.333333333333333,6,2,Not religious,Not important,Never,0.1666666666666666,gss_2018_136,Can trust people,40,Pretty happy,0.0043859649122807,20231111230167,07:00:00,0.0021097046413501,DST
2024HU0099577_1,MO,Missouri,Midwest,601,Female,54,White alone,Not Spanish/Hispanic/Latino,Regular high school diploma,N/A (less than 16 years old/NILF who last worked more than 5 years ago or never worked),N/A (less than 16 years old/NILF who last worked more than 5 years ago or never worked),Separated,Reference person,Females with no own children,1,N/A (less than 15 years/greater than 50 years/ male),120,2114,4.0,7.0,7.0,7.0,6.5,2.0,2.5,3.0,7,6,Roman Catholic,Important,Never,0.168859649122807,gss_2022_3313,Can't be too careful,50,Not too happy,0.0350877192982456,20240908240994,15:00:00,0.0358649789029535,Standard
2024HU0036176_3,VA,Virginia,South,1500,Female,77,White alone,Not Spanish/Hispanic/Latino,Bachelor's degree,N/A (less than 16 years old/NILF who last worked more than 5 years ago or never worked),N/A (less than 16 years old/NILF who last worked more than 5 years ago or never worked),Widowed,Father or mother,Females with no own children,4,N/A (less than 15 years/greater than 50 years/ male),87,472,6.0,6.5,6.5,5.0,5.5,2.25,2.75,3.333333333333333,7,6,Roman Catholic,Important,Every week,0.0087719298245613,gss_2018_519,Can trust people,50,Pretty happy,0.0394736842105262,20241111242347,06:15:00,0.0021097046413501,Standard
2024HU0164279_1,IA,Iowa,Midwest,400,Female,67,White alone,Not Spanish/Hispanic/Latino,Associate's degree,MED-Registered Nurses,"MED-General Medical And Surgical Hospitals, And Specialty (Except Psychiatric And Substance Abuse) Hospitals",Married,Reference person,Females with no own children,2,N/A (less than 15 years/greater than 50 years/ male),25,3018,4.0,5.0,6.5,4.5,5.0,1.25,5.0,4.0,6,6,Undifferentiated Christian,Important,Almost every week,0.0,gss_2016_2627,Can't be too careful,15,Pretty happy,0.0219298245614035,20240907242283,06:00:00,0.0,Standard
2024HU0232461_2,VA,Virginia,South,18500,Male,40,White alone,Not Spanish/Hispanic/Latino,Regular high school diploma,N/A (less than 16 years old/NILF who last worked more than 5 years ago or never worked),N/A (less than 16 years old/NILF who last worked more than 5 years ago or never worked),Never married or under 15 years old,Biological son or daughter,N/A (male/female under 16 years old/GQ),4,N/A (less than 15 years/greater than 50 years/ male),73,5088,4.0,4.0,4.0,4.0,4.0,3.0,2.5,3.0,2,4,Evangelical Protestant,Important,Every week,0.0285087719298244,gss_2022_2121,Can't be too careful,40,Not too happy,0.0,20231008232343,08:00:00,0.0,DST
2024HU0478006_2,TX,Texas,South,2507,Male,70,Black or African American alone,Not Spanish/Hispanic/Latino,"1 or more years of college credit, no degree",N/A (less than 16 years old/NILF who last worked more than 5 years ago or never worked),N/A (less than 16 years old/NILF who last worked more than 5 years ago or never worked),Married,Opposite-sex husband/wife/spouse,N/A (male/female under 16 years old/GQ),3,N/A (less than 15 years/greater than 50 years/ male),108,4855,6.5,7.0,7.0,7.0,7.0,3.75,1.0,1.0,1,2,Mainline Protestant,Important,Almost every week,0.0328947368421053,gss_2016_734,Can trust people,40,Pretty happy,0.0811403508771929,20240112230895,09:45:00,0.0042194092827004,Standard
2024HU1130594_1,IL,Illinois,Midwest,9701,Female,52,White alone,Not Spanish/Hispanic/Latino,Bachelor's degree,ENT-Graphic Designers,PRF-Management Of Companies And Enterprises,Divorced,Reference person,Females with no own children,1,N/A (less than 15 years/greater than 50 years/ male),59,3867,3.0,7.0,6.5,1.5,6.0,4.25,1.25,2.0,1,4,Mainline Protestant,Important,Every week,0.0021929824561404,gss_2022_2621,Can't be too careful,40,Pretty happy,0.0,20241009241352,06:30:00,0.0021097046413501,Standard
2024HU1395724_4,NM,New Mexico,West,100,Female,23,American Indian or Alaska Native alone,Not Spanish/Hispanic/Latino,Regular high school diploma,CLN-Maids And Housekeeping Cleaners,ENT-Traveler Accommodation,Never married or under 15 years old,Brother or sister,Females with no own children,7,No,275,470,4.0,4.0,4.5,4.0,5.5,2.75,3.25,1.6666666666666667,4,5,Other religion,Not important,A few times a year,0.1732456140350877,gss_2022_1900,Can't be too careful,40,Pretty happy,0.0021929824561404,20241110240189,09:00:00,0.1666666666666666,DST
2024HU0434931_1,CO,Colorado,West,1301,Female,62,Some other race alone,Not Spanish/Hispanic/Latino,Associate's degree,EDU-Elementary And Middle School Teachers,EDU-Elementary And Secondary Schools,Married,Reference person,Females with no own children,4,N/A (less than 15 years/greater than 50 years/ male),217,4079,5.5,6.0,6.5,4.5,6.0,1.75,3.75,3.0,7,5,Other religion,Important,Every week,0.168859649122807,gss_2022_3037,Can't be too careful,45,Pretty happy,0.0043859649122807,20231009231451,07:30:00,0.0675105485232068,Standard
2024HU0462433_1,CA,California,West,9704,Male,53,White alone,Not Spanish/Hispanic/Latino,"1 or more years of college credit, no degree",CLN-Janitors And Building Cleaners,EDU-Elementary And Secondary Schools,Divorced,Reference person,N/A (male/female under 16 years old/GQ),1,N/A (less than 15 years/greater than 50 years/ male),62,890,4.0,4.5,5.5,4.0,3.0,3.75,2.0,4.0,1,2,Not religious,Not important,Never,0.0043859649122807,gss_2016_2414,Can't be too careful,60,Not too happy,0.0065789473684211,20241109242359,07:00:00,0.0063291139240506,Standard
2024HU1340605_1,FL,Florida,South,9901,Male,46,White alone,Not Spanish/Hispanic/Latino,Regular high school diploma,MGR-Sales Managers,"MFG-Machinery, N.E.C. Or Not Specified",Divorced,Reference person,N/A (male/female under 16 years old/GQ),1,N/A (less than 15 years/greater than 50 years/ male),84,5075,4.0,3.5,7.0,4.5,4.5,2.5,1.75,1.6666666666666667,5,5,Roman Catholic,Not important,Never,0.0175438596491227,gss_2018_1661,Can trust people,35,Not too happy,0.0043859649122807,20240504240526,06:00:00,0.0021097046413501,Standard
2024HU1294073_2,NY,New York,Northeast,1600,Male,32,Hispanic or Latino (any race),Dominican,Grade 10,CON-Construction Laborers,CON-Construction (The Cleaning Of Buildings And Dwellings Is Incidental During Construction And Immediately After Construction),Married,Same-sex husband/wife/spouse,N/A (male/female under 16 years old/GQ),2,N/A (less than 15 years/greater than 50 years/ male),236,2081,4.0,4.5,6.0,5.5,4.0,1.0,2.5,3.333333333333333,4,5,Undifferentiated Christian,Not important,Never,0.1798245614035089,gss_2016_66,Depends,40,Pretty happy,0.1710526315789473,20240908241397,06:20:00,0.0063291139240506,Standard
2024HU1277640_2,MI,Michigan,Midwest,2701,Female,65,White alone,Not Spanish/Hispanic/Latino,Bachelor's degree,OFF-Billing And Posting Clerks,MED-Offices Of Dentists,Married,Opposite-sex husband/wife/spouse,Females with no own children,3,N/A (less than 15 years/greater than 50 years/ male),497,2237,4.5,5.5,6.0,6.0,5.5,2.5,3.0,2.6666666666666665,7,6,Roman Catholic,Important,Every week,0.0,gss_2018_2190,Can trust people,30,Pretty happy,0.0197368421052631,20241009242139,07:00:00,0.0,Standard
2024HU1356198_1,IL,Illinois,Midwest,11500,Female,49,Black or African American alone,Not Spanish/Hispanic/Latino,"1 or more years of college credit, no degree",OFF-Customer Service Representatives,"RET-Health And Personal Care, Except Pharmacies And Drug, Retailers",Never married or under 15 years old,Reference person,Females with no own children,1,No,323,3588,3.0,6.0,6.0,6.0,5.5,2.0,1.75,2.333333333333333,1,4,Mainline Protestant,Important,A few times a year,0.0065789473684211,gss_2024_2614,Can't be too careful,32,Pretty happy,0.0416666666666666,20241210241579,07:00:00,0.0126582278481013,Standard
2024HU0804480_1,MO,Missouri,Midwest,1105,Female,52,Black or African American alone,Not Spanish/Hispanic/Latino,Regular high school diploma,"Unemployed, With No Work Experience In The Last 5 Years Or Earlier Or Never Worked","Unemployed, With No Work Experience In The Last 5 Years Or Earlier Or Never Worked",Never married or under 15 years old,Reference person,Females with no own children,1,N/A (less than 15 years/greater than 50 years/ male),254,2870,4.0,5.5,3.5,4.0,5.5,3.0,3.0,1.0,2,6,Not religious,Not important,Never,0.0548245614035088,gss_2016_829,Can't be too careful,62,Not too happy,0.0307017543859648,20240302241416,04:50:00,0.0042194092827004,DST
2024HU1408228_2,CO,Colorado,West,902,Female,19,White alone,Not Spanish/Hispanic/Latino,Regular high school diploma,EAT-Fast Food And Counter Workers,"ENT-Food Services And Drinking Places, Except Alcoholic Beverages",Never married or under 15 years old,Biological son or daughter,Females with no own children,2,No,129,3838,4.0,4.5,4.5,4.5,4.5,3.0,3.25,3.0,6,3,Other religion,Important,Almost every week,0.0043859649122807,gss_2022_1284,Can't be too careful,40,Pretty happy,0.0043859649122807,20240201240087,07:30:00,0.0021097046413501,Standard
2024HU0891886_1,MI,Michigan,Midwest,3207,Male,65,White alone,Not Spanish/Hispanic/Latino,Regular high school diploma,PRD-Miscellaneous Plant And System Operators,TRN-Pipeline Transportation,Married,Reference person,N/A (male/female under 16 years old/GQ),2,N/A (less than 15 years/greater than 50 years/ male),268,3845,4.0,6.0,6.0,4.5,5.0,1.0,2.75,3.0,7,6,Evangelical Protestant,Important,Every week,0.0021929824561404,gss_2018_1058,Can't be too careful,40,Pretty happy,0.0,20231111231175,05:00:00,0.0,Standard
2024HU0013439_2,TX,Texas,South,2101,Male,51,White alone,Not Spanish/Hispanic/Latino,"1 or more years of college credit, no degree","OFF-Dispatchers, Except Police, Fire, And Ambulance","ENT-Food Services And Drinking Places, Except Alcoholic Beverages",Divorced,Opposite-sex unmarried partner,N/A (male/female under 16 years old/GQ),2,N/A (less than 15 years/greater than 50 years/ male),79,559,4.5,5.0,5.5,4.0,5.0,1.75,3.25,4.333333333333333,7,5,Evangelical Protestant,Important,Every week,0.0043859649122807,gss_2018_1665,Can't be too careful,1,Pretty happy,0.0307017543859648,20230605232333,04:30:00,0.0021097046413501,DST
2024HU1104571_2,TX,Texas,South,2101,Male,26,Black or African American alone,Not Spanish/Hispanic/Latino,Regular high school diploma,"PRD-Miscellaneous Production Workers, Including Equipment Operators And Tenders",RET-Supermarkets And Other Grocery (Except Convenience) Retailers,Separated,Other relative,N/A (male/female under 16 years old/GQ),2,N/A (less than 15 years/greater than 50 years/ male),779,3097,3.0,4.0,2.0,4.0,4.5,3.25,2.75,3.333333333333333,7,4,Evangelical Protestant,Important,Once or twice a month,0.1732456140350877,gss_2024_3183,Can trust people,40,Pretty happy,0.0307017543859648,20240302241411,07:30:00,0.1054852320675104,Standard
2024HU0964539_1,NE,Nebraska,Midwest,500,Female,27,White alone,Not Spanish/Hispanic/Latino,Master's degree,"CMS-Social Workers, All Other",EDU-Elementary And Secondary Schools,Married,Reference person,Females with own children under 6 years only,4,Yes,166,4502,4.0,4.0,4.0,4.0,4.0,4.0,2.75,3.0,7,7,Roman Catholic,Important,Almost every week,0.0219298245614035,gss_2016_2189,Can trust people,45,Pretty happy,0.0087719298245613,20230111221229,06:00:00,0.0021097046413501,Standard
2024HU1290540_2,PA,Pennsylvania,Northeast,1300,Female,41,White alone,Not Spanish/Hispanic/Latino,"1 or more years of college credit, no degree",HLS-Massage Therapists,SRV-Nail Salons And Other Personal Care Services,Married,Opposite-sex husband/wife/spouse,Females with own children 6 to 17 years only,4,No,120,727,4.5,6.5,4.5,2.5,6.0,4.5,2.25,2.0,3,4,Mainline Protestant,Important,Once or twice a month,0.0153508771929824,gss_2018_1315,Can trust people,40,Pretty happy,0.0219298245614035,20240404240590,07:30:00,0.0,DST
2024HU0287955_2,CO,Colorado,West,200,Male,39,White alone,Not Spanish/Hispanic/Latino,Bachelor's degree,EAT-First-Line Supervisors Of Food Preparation And Serving Workers,ENT-Drinking Places (Alcoholic Beverages),Married,Opposite-sex husband/wife/spouse,N/A (male/female under 16 years old/GQ),4,N/A (less than 15 years/greater than 50 years/ male),1124,451,4.5,5.0,6.0,5.5,6.5,4.75,1.0,1.3333333333333333,1,2,Not religious,Not important,Never,0.0087719298245613,gss_2018_804,Can trust people,15,Pretty happy,0.0021929824561404,20240806241988,08:00:00,0.0,Standard
2024HU1211918_1,PA,Pennsylvania,Northeast,3012,Female,74,White alone,Not Spanish/Hispanic/Latino,Bachelor's degree,BUS-Human Resources Workers,MED-Offices Of Chiropractors,Divorced,Reference person,Females with no own children,1,N/A (less than 15 years/greater than 50 years/ male),105,555,4.5,5.0,5.5,4.5,4.5,3.75,4.0,4.0,6,6,Mainline Protestant,Important,A few times a year,0.0065789473684211,gss_2018_1304,Depends,47,Very happy,0.0285087719298244,20230706231242,07:45:00,0.0021097046413501,DST
2024HU0964559_1,MI,Michigan,Midwest,2600,Female,64,Two or more races,Not Spanish/Hispanic/Latino,Bachelor's degree,N/A (less than 16 years old/NILF who last worked more than 5 years ago or never worked),N/A (less than 16 years old/NILF who last worked more than 5 years ago or never worked),Widowed,Reference person,Females with no own children,2,N/A (less than 15 years/greater than 50 years/ male),305,3120,5.5,5.5,5.5,5.5,5.0,1.5,1.5,1.0,5,4,Roman Catholic,Important,Every week,0.2236842105263158,gss_2018_890,Can't be too careful,40,Pretty happy,0.175438596491228,20240403241872,10:00:00,0.1687763713080169,Standard
2024HU0649841_2,WI,Wisconsin,Midwest,2200,Male,58,White alone,Not Spanish/Hispanic/Latino,Regular high school diploma,"PRD-Inspectors, Testers, Sorters, Samplers, And Weighers",RET-Automobile Dealers,Married,Opposite-sex husband/wife/spouse,N/A (male/female under 16 years old/GQ),2,N/A (less than 15 years/greater than 50 years/ male),174,282,2.0,5.0,6.0,6.0,5.0,2.0,3.5,2.333333333333333,7,6,Mainline Protestant,Important,Never,0.0021929824561404,gss_2018_283,Can trust people,52,Pretty happy,0.0,20240201242372,13:00:00,0.0,DST
2024HU1303259_2,MI,Michigan,Midwest,2903,Female,94,White alone,Not Spanish/Hispanic/Latino,Bachelor's degree,N/A (less than 16 years old/NILF who last worked more than 5 years ago or never worked),N/A (less than 16 years old/NILF who last worked more than 5 years ago or never worked),Married,Opposite-sex husband/wife/spouse,Females with no own children,5,N/A (less than 15 years/greater than 50 years/ male),92,3484,4.0,6.5,6.5,5.0,4.5,2.75,1.75,2.333333333333333,6,5,Evangelical Protestant,Important,Almost every week,0.0394736842105262,gss_2018_1799,Can trust people,40,Very happy,0.0679824561403509,20230605231192,07:30:00,0.0189873417721518,Standard
2024HU1092928_2,FL,Florida,South,10307,Male,78,White alone,Not Spanish/Hispanic/Latino,Bachelor's degree,N/A (less than 16 years old/NILF who last worked more than 5 years ago or never worked),N/A (less than 16 years old/NILF who last worked more than 5 years ago or never worked),Married,Opposite-sex husband/wife/spouse,N/A (male/female under 16 years old/GQ),2,N/A (less than 15 years/greater than 50 years/ male),70,852,3.5,4.5,6.0,4.5,5.0,2.75,3.0,3.6666666666666665,5,5,Roman Catholic,Important,Every week,0.0087719298245613,gss_2024_1358,Can't be too careful,20,Pretty happy,0.0175438596491227,20241109241051,06:00:00,0.0,Standard
2024HU0404475_1,CO,Colorado,West,2005,Female,46,Hispanic or Latino (any race),Spaniard,"Some college, but less than 1 year",OFF-Customer Service Representatives,FIN-Insurance Carriers,Married,Reference person,Females with own children 6 to 17 years only,4,No,108,2431,4.5,4.0,5.0,4.5,3.0,3.0,3.0,3.333333333333333,2,4,Roman Catholic,Important,A few times a year,0.0131578947368421,gss_2016_942,Can't be too careful,40,Pretty happy,0.0307017543859648,20240402241901,06:00:00,0.0084388185654008,Standard
2024HU0755899_1,MD,Maryland,South,1300,Female,43,White alone,Not Spanish/Hispanic/Latino,"1 or more years of college credit, no degree",SAL-Retail Salespersons,RET-Other Miscellaneous Retailers,Divorced,Reference person,Females with own children 6 to 17 years only,3,No,241,468,7.0,4.5,6.5,5.5,5.5,3.5,2.25,4.0,6,3,Not religious,Not important,Never,0.0021929824561404,gss_2018_1509,Can't be too careful,10,Pretty happy,0.0043859649122807,20240707241389,07:00:00,0.0021097046413501,DST
2024HU1277668_2,MD,Maryland,South,504,Female,26,Black or African American alone,Not Spanish/Hispanic/Latino,Grade 10,N/A (less than 16 years old/NILF who last worked more than 5 years ago or never worked),N/A (less than 16 years old/NILF who last worked more than 5 years ago or never worked),Never married or under 15 years old,Biological son or daughter,Females with no own children,5,No,389,40,5.0,5.0,5.5,3.0,6.0,4.25,1.5,4.666666666666667,2,2,Undifferentiated Christian,Important,A few times a year,0.1666666666666666,gss_2024_1157,Can't be too careful,49,Not too happy,0.0021929824561404,20240806241114,07:30:00,0.0168776371308018,Standard
2024HU0787520_1,MS,Mississippi,South,600,Male,34,Black or African American alone,Not Spanish/Hispanic/Latino,Grade 10,N/A (less than 16 years old/NILF who last worked more than 5 years ago or never worked),N/A (less than 16 years old/NILF who last worked more than 5 years ago or never worked),Never married or under 15 years old,Reference person,N/A (male/female under 16 years old/GQ),1,N/A (less than 15 years/greater than 50 years/ male),396,986,4.5,4.0,4.0,4.0,4.0,3.0,3.0,4.0,5,4,Mainline Protestant,Important,A few times a year,0.0328947368421053,gss_2024_2478,Can't be too careful,50,Pretty happy,0.0131578947368421,20230605231411,05:00:00,0.0021097046413501,DST
2024HU0153965_1,SD,South Dakota,Midwest,400,Male,28,Black or African American alone,Not Spanish/Hispanic/Latino,"Some college, but less than 1 year",PRT-Police Officers,"ADM-Justice, Public Order, And Safety Activities",Never married or under 15 years old,Reference person,N/A (male/female under 16 years old/GQ),1,N/A (less than 15 years/greater than 50 years/ male),199,4536,5.0,7.0,6.5,6.5,7.0,4.25,1.5,2.0,1,1,Undifferentiated Christian,Not important,Once or twice a month,0.0043859649122807,gss_2018_895,Can't be too careful,16,Very happy,0.168859649122807,20230111221730,11:00:00,0.0126582278481013,Standard
2024HU0699406_1,NC,North Carolina,South,900,Male,39,Hispanic or Latino (any race),Honduran,Bachelor's degree,CMM-Software Developers,"FIN-Agencies, Brokerages, And Other Insurance Related Activities",Never married or under 15 years old,Reference person,N/A (male/female under 16 years old/GQ),2,N/A (less than 15 years/greater than 50 years/ male),88,625,5.5,4.5,5.5,5.0,5.5,3.25,1.75,4.333333333333333,1,2,Roman Catholic,Not important,Never,0.1732456140350877,gss_2024_1710,Can't be too careful,40,Pretty happy,0.0131578947368421,20240112230755,06:00:00,0.0084388185654008,DST
2024HU1018986_1,WI,Wisconsin,Midwest,2103,Male,27,Black or African American alone,Not Spanish/Hispanic/Latino,Associate's degree,OFF-Couriers And Messengers,TRN-Couriers And Messengers,Never married or under 15 years old,Reference person,N/A (male/female under 16 years old/GQ),1,N/A (less than 15 years/greater than 50 years/ male),1651,561,6.5,3.0,7.0,6.0,7.0,3.75,1.0,3.333333333333333,1,3,Evangelical Protestant,Important,Once or twice a month,0.0,gss_2016_852,Can trust people,50,Not too happy,0.168859649122807,20230111221730,11:00:00,0.0147679324894515,DST
2024HU1428729_1,DC,District of Columbia,South,106,Male,67,Hispanic or Latino (any race),Salvadoran,Grade 5,N/A (less than 16 years old/NILF who last worked more than 5 years ago or never worked),N/A (less than 16 years old/NILF who last worked more than 5 years ago or never worked),Married,Reference person,N/A (male/female under 16 years old/GQ),3,N/A (less than 15 years/greater than 50 years/ male),260,2458,4.5,3.5,6.0,5.0,4.0,2.5,3.0,3.0,5,6,Undifferentiated Christian,Important,Every week,0.0263157894736841,gss_2016_1254,Can't be too careful,57,Very happy,0.0153508771929824,20240403240943,06:00:00,0.0063291139240506,Standard
2024HU0603469_2,FL,Florida,South,3103,Female,80,White alone,Not Spanish/Hispanic/Latino,Master's degree,N/A (less than 16 years old/NILF who last worked more than 5 years ago or never worked),N/A (less than 16 years old/NILF who last worked more than 5 years ago or never worked),Married,Opposite-sex husband/wife/spouse,Females with no own children,2,N/A (less than 15 years/greater than 50 years/ male),45,4181,3.0,6.5,7.0,5.5,6.0,2.25,1.75,3.333333333333333,3,2,Other religion,Important,Almost every week,0.0197368421052631,gss_2016_2814,Can trust people,3,Very happy,0.0307017543859648,20230706232303,07:30:00,0.0,DST
2024HU1429764_1,MD,Maryland,South,602,Male,69,White alone,Not Spanish/Hispanic/Latino,Master's degree,MGR-Education And Childcare Administrators,EDU-Elementary And Secondary Schools,Married,Reference person,N/A (male/female under 16 years old/GQ),2,N/A (less than 15 years/greater than 50 years/ male),47,3085,4.5,7.0,6.0,7.0,6.0,1.0,3.25,2.6666666666666665,7,6,Undifferentiated Christian,Important,Every week,0.0021929824561404,gss_2016_2612,Can trust people,40,Very happy,0.0065789473684211,20231211230504,09:30:00,0.0,Standard
2024HU1276754_1,MS,Mississippi,South,700,Male,63,Black or African American alone,Not Spanish/Hispanic/Latino,Grade 10,N/A (less than 16 years old/NILF who last worked more than 5 years ago or never worked),N/A (less than 16 years old/NILF who last worked more than 5 years ago or never worked),Widowed,Reference person,N/A (male/female under 16 years old/GQ),1,N/A (less than 15 years/greater than 50 years/ male),77,61,4.0,5.0,4.0,5.0,4.0,3.0,1.75,3.333333333333333,1,2,Evangelical Protestant,Important,Almost every week,0.1776315789473684,gss_2024_3195,Can't be too careful,35,Pretty happy,0.1732456140350877,20231211230960,09:00:00,0.0147679324894515,Standard
2024HU0783121_1,NC,North Carolina,South,1206,Female,57,White alone,Not Spanish/Hispanic/Latino,"1 or more years of college credit, no degree","SAL-Sales Representatives, Wholesale And Manufacturing",WHL-Wholesale Trade Agents And Brokers,Married,Reference person,Females with no own children,2,N/A (less than 15 years/greater than 50 years/ male),185,4383,4.5,6.0,7.0,6.0,6.0,1.5,3.0,2.0,7,6,Undifferentiated Christian,Important,Every week,0.0021929824561404,gss_2018_935,Can't be too careful,36,Pretty happy,0.0153508771929824,20240706242354,07:00:00,0.0,DST
2024HU1014745_1,TX,Texas,South,6603,Male,74,Hispanic or Latino (any race),Mexican,"1 or more years of college credit, no degree",CLN-Landscaping And Groundskeeping Workers,PRF-Landscaping Services,Married,Reference person,N/A (male/female under 16 years old/GQ),2,N/A (less than 15 years/greater than 50 years/ male),120,603,2.5,3.5,5.0,4.5,3.5,2.0,2.25,3.333333333333333,6,5,Not religious,Not important,Never,0.0482456140350877,gss_2018_701,Can't be too careful,40,Very happy,0.1864035087719298,20240807242173,07:00:00,0.0,Standard
2024HU0418929_2,NC,North Carolina,South,3400,Male,22,Hispanic or Latino (any race),Mexican,Bachelor's degree,FIN-Accountants And Auditors,"PRF-Accounting, Tax Preparation, Bookkeeping, And Payroll Services",Never married or under 15 years old,Brother or sister,N/A (male/female under 16 years old/GQ),2,N/A (less than 15 years/greater than 50 years/ male),75,110,4.0,4.0,4.0,4.0,4.0,3.0,2.75,3.6666666666666665,3,4,Other religion,Important,Almost every week,0.168859649122807,gss_2024_1710,Can't be too careful,40,Pretty happy,0.0241228070175439,20240908240127,11:00:00,0.0021097046413501,Standard
2024HU0584266_1,NJ,New Jersey,Northeast,502,Male,67,Hispanic or Latino (any race),Peruvian,12th grade - no diploma,TRN-Driver/Sales Workers And Truck Drivers,WHL-Grocery And Related Product Merchant Wholesalers,Widowed,Reference person,N/A (male/female under 16 years old/GQ),1,N/A (less than 15 years/greater than 50 years/ male),97,39,2.5,5.0,5.0,3.5,4.0,3.0,2.5,1.0,3,4,Not religious,Not important,Never,0.2083333333333333,gss_2016_493,Can't be too careful,21,Not too happy,0.2324561403508772,20231010231365,06:30:00,0.0274261603375527,Standard
